DateTime,close,MTPI_Score,MTPI_Signal,Equity,signal_change
2020-04-05,6777.015,-1.0,-1.0,1.0,True
2020-04-06,7343.6125,-1.0,-1.0,1.0,False
2020-04-07,7202.6875,-1.0,-1.0,1.0,False
2020-04-08,7368.7675,-1.0,-1.0,1.0,False
2020-04-09,7299.13,-1.0,-1.0,1.0,False
2020-04-10,6873.5425,-1.0,-1.0,1.0,False
2020-04-11,6888.695,-1.0,-1.0,1.0,False
2020-04-12,6906.54,-1.0,-1.0,1.0,False
2020-04-13,6862.78,-1.0,-1.0,1.0,False
2020-04-14,6876.885,-1.0,-1.0,1.0,False
2020-04-15,6622.355,-1.0,-1.0,1.0,False
2020-04-16,7114.9175,-1.0,-1.0,1.0,False
2020-04-17,7033.0025,-1.0,-1.0,1.0,False
2020-04-18,7262.19,-1.0,-1.0,1.0,False
2020-04-19,7130.2775,-1.0,-1.0,1.0,False
2020-04-20,6840.2975,-1.0,-1.0,1.0,False
2020-04-21,6854.9675,-1.0,-1.0,1.0,False
2020-04-22,7137.135,-1.0,-1.0,1.0,False
2020-04-23,7507.5425,-1.0,-1.0,1.0,False
2020-04-24,7510.8825,-1.0,-1.0,1.0,False
2020-04-25,7548.32,-1.0,-1.0,1.0,False
2020-04-26,7703.1325,-1.0,-1.0,1.0,False
2020-04-27,7790.8125,-1.0,-1.0,1.0,False
2020-04-28,7761.97,-1.0,-1.0,1.0,False
2020-04-29,8788.7275,-1.0,-1.0,1.0,False
2020-04-30,8627.93,-1.0,-1.0,1.0,False
2020-05-01,8827.04,-1.0,-1.0,1.0,False
2020-05-02,8982.3675,-1.0,-1.0,1.0,False
2020-05-03,8908.385,-1.0,-1.0,1.0,False
2020-05-04,8884.475,-1.0,-1.0,1.0,False
2020-05-05,9028.66,-1.0,-1.0,1.0,False
2020-05-06,9157.695,-1.0,-1.0,1.0,False
2020-05-07,10002.4525,-1.0,-1.0,1.0,False
2020-05-08,9806.6125,-1.0,-1.0,1.0,False
2020-05-09,9541.09,-1.0,-1.0,1.0,False
2020-05-10,8726.06,-1.0,-1.0,1.0,False
2020-05-11,8571.67,-1.0,-1.0,1.0,False
2020-05-12,8823.31,-1.0,-1.0,1.0,False
2020-05-13,9316.36,-1.0,-1.0,1.0,False
2020-05-14,9790.2375,-1.0,-1.0,1.0,False
2020-05-15,9311.1425,-1.0,-1.0,1.0,False
2020-05-16,9387.115,-1.0,-1.0,1.0,False
2020-05-17,9670.7075,-1.0,-1.0,1.0,False
2020-05-18,9726.3225,-1.0,-1.0,1.0,False
2020-05-19,9782.035,-1.0,-1.0,1.0,False
2020-05-20,9512.655,-1.0,-1.0,1.0,False
2020-05-21,9059.705,-1.0,-1.0,1.0,False
2020-05-22,9168.7,-1.0,-1.0,1.0,False
2020-05-23,9179.705,-1.0,-1.0,1.0,False
2020-05-24,8716.09,-1.0,-1.0,1.0,False
2020-05-25,8898.915,-1.0,-1.0,1.0,False
2020-05-26,8842.3325,-1.0,-1.0,1.0,False
2020-05-27,9210.6075,-1.0,-1.0,1.0,False
2020-05-28,9556.0825,-1.0,-1.0,1.0,False
2020-05-29,9424.535,-1.0,-1.0,1.0,False
2020-05-30,9701.15,-1.0,-1.0,1.0,False
2020-05-31,9448.95,-1.0,-1.0,1.0,False
2020-06-01,10206.925,-1.0,-1.0,1.0,False
2020-06-02,9523.3525,-1.0,-1.0,1.0,False
2020-06-03,9666.645,-1.0,-1.0,1.0,False
2020-06-04,9791.94,0.0,-1.0,1.0,False
2020-06-05,9618.695,0.0,-1.0,1.0,False
2020-06-06,9671.7825,0.0,-1.0,1.0,False
2020-06-07,9752.5925,0.0,-1.0,1.0,False
2020-06-08,9782.51,0.0,-1.0,1.0,False
2020-06-09,9780.1875,0.0,-1.0,1.0,False
2020-06-10,9893.4425,0.0,-1.0,1.0,False
2020-06-11,9266.2725,0.0,-1.0,1.0,False
2020-06-12,9464.24,0.0,-1.0,1.0,False
2020-06-13,9474.3475,0.0,-1.0,1.0,False
2020-06-14,9329.6975,0.0,-1.0,1.0,False
2020-06-15,9430.55,0.0,-1.0,1.0,False
2020-06-16,9527.8625,0.0,-1.0,1.0,False
2020-06-17,9456.335,0.0,-1.0,1.0,False
2020-06-18,9376.185,0.0,-1.0,1.0,False
2020-06-19,9301.5275,0.0,-1.0,1.0,False
2020-06-20,9357.655,0.0,-1.0,1.0,False
2020-06-21,9285.9675,0.0,-1.0,1.0,False
2020-06-22,9688.89,0.0,-1.0,1.0,False
2020-06-23,9622.5125,0.0,-1.0,1.0,False
2020-06-24,9287.6075,0.0,-1.0,1.0,False
2020-06-25,9238.85,0.0,-1.0,1.0,False
2020-06-26,9154.7425,0.0,-1.0,1.0,False
2020-06-27,9004.28,0.0,-1.0,1.0,False
2020-06-28,9116.235,-1.0,-1.0,1.0,False
2020-06-29,9186.5725,-1.0,-1.0,1.0,False
2020-06-30,9134.015,0.0,-1.0,1.0,False
2020-07-01,9236.385,0.0,-1.0,1.0,False
2020-07-02,9093.3025,0.0,-1.0,1.0,False
2020-07-03,9064.355,0.0,-1.0,1.0,False
2020-07-04,9140.565,0.0,-1.0,1.0,False
2020-07-05,9078.89,0.0,-1.0,1.0,False
2020-07-06,9347.485,0.0,-1.0,1.0,False
2020-07-07,9256.945,0.0,-1.0,1.0,False
2020-07-08,9439.2625,0.0,-1.0,1.0,False
2020-07-09,9237.495,0.0,-1.0,1.0,False
2020-07-10,9288.2275,0.0,-1.0,1.0,False
2020-07-11,9237.305,0.0,-1.0,1.0,False
2020-07-12,9302.385,0.0,-1.0,1.0,False
2020-07-13,9236.425,0.0,-1.0,1.0,False
2020-07-14,9254.7525,0.0,-1.0,1.0,False
2020-07-15,9192.06,0.0,-1.0,1.0,False
2020-07-16,9131.8425,0.0,-1.0,1.0,False
2020-07-17,9154.5775,0.0,-1.0,1.0,False
2020-07-18,9176.77,0.0,-1.0,1.0,False
2020-07-19,9213.99,0.0,-1.0,1.0,False
2020-07-20,9163.4975,0.0,-1.0,1.0,False
2020-07-21,9393.93,0.0,-1.0,1.0,False
2020-07-22,9536.005,1.0,1.0,1.0,True
2020-07-23,9615.2925,1.0,1.0,1.0083145405229967,False
2020-07-24,9551.6625,1.0,1.0,1.0016419349612338,False
2020-07-25,9712.85,1.0,1.0,1.0185449776924402,False
2020-07-26,9942.845,1.0,1.0,1.0426635682342866,False
2020-07-27,11046.5075,1.0,1.0,1.158399927432924,False
2020-07-28,10936.3525,1.0,1.0,1.1468484443957403,False
2020-07-29,11111.095,1.0,1.0,1.16517294191855,False
2020-07-30,11128.7175,1.0,1.0,1.1670209380133507,False
2020-07-31,11354.0825,1.0,1.0,1.1906540002862838,False
2020-08-01,11812.8525,1.0,1.0,1.2387632451954467,False
2020-08-02,11066.14,1.0,1.0,1.1604587036185492,False
2020-08-03,11236.735,1.0,1.0,1.178348270580815,False
2020-08-04,11196.035,1.0,1.0,1.174080235905917,False
2020-08-05,11755.6625,1.0,1.0,1.2327659748500557,False
2020-08-06,11773.815,1.0,1.0,1.2346695497747753,False
2020-08-07,11606.64,1.0,1.0,1.217138623564061,False
2020-08-08,11775.3475,1.0,1.0,1.234830256485814,False
2020-08-09,11687.8175,1.0,1.0,1.2256513602918628,False
2020-08-10,11900.03,1.0,1.0,1.2479051762242162,False
2020-08-11,11390.4325,1.0,1.0,1.1944658690929804,False
2020-08-12,11570.8525,1.0,1.0,1.2133857417230807,False
2020-08-13,11795.9525,1.0,1.0,1.236991014581054,False
2020-08-14,11777.6425,1.0,1.0,1.2350709233059343,False
2020-08-15,11859.085,1.0,1.0,1.2436114494486952,False
2020-08-16,11918.0375,1.0,1.0,1.2497935456199953,False
2020-08-17,12305.01,1.0,1.0,1.2903736942252024,False
2020-08-18,11956.1375,1.0,1.0,1.2537889294311404,False
2020-08-19,11759.73,1.0,1.0,1.2331925161532529,False
2020-08-20,11857.665,1.0,1.0,1.2434625401307993,False
2020-08-21,11529.71,1.0,1.0,1.209071303968486,False
2020-08-22,11673.4475,1.0,1.0,1.2241444399410448,False
2020-08-23,11650.9875,1.0,1.0,1.2217891559410887,False
2020-08-24,11760.61,1.0,1.0,1.2332847979840618,False
2020-08-25,11327.7775,1.0,1.0,1.187895507605124,False
2020-08-26,11470.0925,1.0,1.0,1.202819472095495,False
2020-08-27,11320.96,1.0,1.0,1.1871805855806492,False
2020-08-28,11538.1775,1.0,1.0,1.2099592544257265,False
2020-08-29,11476.0725,1.0,1.0,1.203446569082126,False
2020-08-30,11713.08,1.0,1.0,1.2283005304632284,False
2020-08-31,11657.2675,1.0,1.0,1.222447712642768,False
2020-09-01,11925.9375,1.0,1.0,1.2506219847829356,False
2020-09-02,11397.7725,1.0,1.0,1.1952355834544968,False
2020-09-03,10171.66,1.0,1.0,1.066658417230276,False
2020-09-04,10470.58,1.0,1.0,1.0980048773044893,False
2020-09-05,10166.6325,1.0,1.0,1.0661312048389233,False
2020-09-06,10258.09,1.0,1.0,1.0757219611357165,False
2020-09-07,10378.3725,1.0,1.0,1.0883354717200755,False
2020-09-08,10126.5975,1.0,1.0,1.061932905865716,False
2020-09-09,10230.265,1.0,1.0,1.0728040725649786,False
2020-09-10,10346.9775,1.0,1.0,1.0850432125402618,False
2020-09-11,10397.115,1.0,1.0,1.0903009174177234,False
2020-09-12,10446.5425,1.0,1.0,1.0954841676362375,False
2020-09-13,10335.125,1.0,1.0,1.0838002916315583,False
2020-09-14,10678.515,1.0,1.0,1.1198101301331111,False
2020-09-15,10785.185,1.0,1.0,1.1309961561471495,False
2020-09-16,10955.3775,1.0,1.0,1.148843514658392,False
2020-09-17,10944.9075,1.0,1.0,1.1477455706032031,False
2020-09-18,10935.2675,1.0,1.0,1.1467346650929817,False
2020-09-19,11081.2575,1.0,1.0,1.1620440110926955,False
2020-09-20,10921.11,0.0,1.0,1.14525002870699,False
2020-09-21,10415.95,0.0,1.0,1.0922760631941784,False
2020-09-22,10535.13,0.0,1.0,1.1047739593257342,False
2020-09-23,10234.5225,0.0,1.0,1.0732505383543736,False
2020-09-24,10749.985,0.0,1.0,1.1273048829148054,False
2020-09-25,10691.8375,0.0,1.0,1.1212072036455514,False
2020-09-26,10731.0575,0.0,1.0,1.1253200370595442,False
2020-09-27,10777.975,0.0,1.0,1.13024007432882,False
2020-09-28,10694.3675,0.0,1.0,1.1214725139091264,False
2020-09-29,10841.27,0.0,1.0,1.1368775498754458,False
2020-09-30,10779.1975,0.0,1.0,1.1303682726676423,False
2020-10-01,10621.26,0.0,1.0,1.1138060435161266,False
2020-10-02,10575.665,0.0,1.0,1.1090246911573558,False
2020-10-03,10553.77,0.0,1.0,1.1067286562874077,False
2020-10-04,10673.18,0.0,1.0,1.1192506715338342,False
2020-10-05,10796.145,0.0,1.0,1.1321454844035843,False
2020-10-06,10605.925,0.0,1.0,1.1121979277485698,False
2020-10-07,10670.07,0.0,1.0,1.1189245391544993,False
2020-10-08,10930.3575,0.0,1.0,1.1462197744233567,False
2020-10-09,11056.8425,0.0,1.0,1.159483714616341,False
2020-10-10,11302.1025,1.0,1.0,1.1852030803255664,False
2020-10-11,11375.2725,1.0,1.0,1.192876104825868,False
2020-10-12,11535.7025,1.0,1.0,1.2096997117765775,False
2020-10-13,11428.785,1.0,1.0,1.1984877314976243,False
2020-10-14,11429.41,1.0,1.0,1.1985532725706418,False
2020-10-15,11506.8975,1.0,1.0,1.2066790548033481,False
2020-10-16,11325.495,1.0,1.0,1.1876561516064645,False
2020-10-17,11367.0225,1.0,1.0,1.1920109626620374,False
2020-10-18,11513.1325,1.0,1.0,1.2073328925477704,False
2020-10-19,11760.85,1.0,1.0,1.2333099657561004,False
2020-10-20,11923.335,1.0,1.0,1.250349071754891,False
2020-10-21,12811.105,1.0,1.0,1.3434457091832483,False
2020-10-22,12985.925,1.0,1.0,1.3617783337991123,False
2020-10-23,12940.1275,1.0,1.0,1.356975746132684,False
2020-10-24,13127.4175,1.0,1.0,1.3766160462373924,False
2020-10-25,13042.115,1.0,1.0,1.3676707384276754,False
2020-10-26,13071.8175,1.0,1.0,1.3707855123817578,False
2020-10-27,13663.92,1.0,1.0,1.4328767654798844,False
2020-10-28,13286.15,1.0,1.0,1.3932616436337864,False
2020-10-29,13466.4225,1.0,1.0,1.4121660485706546,False
2020-10-30,13570.475,1.0,1.0,1.423077588570896,False
2020-10-31,13809.855,1.0,1.0,1.4481803438651726,False
2020-11-01,13768.1925,1.0,1.0,1.4438113759378277,False
2020-11-02,13569.8975,1.0,1.0,1.4230170286194277,False
2020-11-03,14037.9525,1.0,1.0,1.472099951709338,False
2020-11-04,14162.7275,1.0,1.0,1.4851845715265468,False
2020-11-05,15610.2425,1.0,1.0,1.6369792696207697,False
2020-11-06,15601.6325,1.0,1.0,1.636076375798881,False
2020-11-07,14838.965,1.0,1.0,1.5560987017099936,False
2020-11-08,15484.175,1.0,1.0,1.623759110864561,False
2020-11-09,15336.3475,1.0,1.0,1.608257074110176,False
2020-11-10,15315.845,1.0,1.0,1.6061070647509108,False
2020-11-11,15708.3125,1.0,1.0,1.6472634504700878,False
2020-11-12,16308.4025,1.0,1.0,1.7101923184813776,False
2020-11-13,16342.135,1.0,1.0,1.7137297012742767,False
2020-11-14,16084.31,1.0,1.0,1.686692697833108,False
2020-11-15,15969.7475,1.0,1.0,1.674679019149005,False
2020-11-16,16724.2975,1.0,1.0,1.7538054457815415,False
2020-11-17,17683.04,1.0,1.0,1.8543446652974709,False
2020-11-18,17792.575,1.0,1.0,1.8658311315902212,False
2020-11-19,17825.9375,1.0,1.0,1.869329714067894,False
2020-11-20,18682.275,1.0,1.0,1.9591301598520563,False
2020-11-21,18719.7725,1.0,1.0,1.9630623620688121,False
2020-11-22,18442.9925,1.0,1.0,1.9340376289651697,False
2020-11-23,18390.1275,1.0,1.0,1.9284939028450596,False
2020-11-24,19169.8975,1.0,1.0,2.0102650428559974,False
2020-11-25,18727.64,1.0,1.0,1.9638873930959564,False
2020-11-26,17167.14,1.0,1.0,1.8002444419859265,False
2020-11-27,17152.92,1.0,1.0,1.7987532514926328,False
2020-11-28,17740.0325,1.0,1.0,1.860321224663788,False
2020-11-29,18197.3175,1.0,1.0,1.908274743983461,False
2020-11-30,19709.54,1.0,1.0,2.066855040449329,False
2020-12-01,18779.14,1.0,1.0,1.969287977512596,False
2020-12-02,19228.5225,1.0,1.0,2.0164127955050364,False
2020-12-03,19449.8775,1.0,1.0,2.0396253462534895,False
2020-12-04,18667.305,1.0,1.0,1.9575603200711418,False
2020-12-05,19159.9025,1.0,1.0,2.009216910016302,False
2020-12-06,19382.2675,1.0,1.0,2.0325353751387514,False
2020-12-07,19178.0925,1.0,1.0,2.011124417405403,False
2020-12-08,18317.92,1.0,1.0,1.9209218115972053,False
2020-12-09,18551.52,1.0,1.0,1.9454184430482169,False
2020-12-10,18247.86,1.0,1.0,1.9135749194762388,False
2020-12-11,18035.185,1.0,1.0,1.8912726031498528,False
2020-12-12,18814.7425,1.0,1.0,1.9730214591959643,False
2020-12-13,19164.8025,1.0,1.0,2.0097307520287595,False
2020-12-14,19276.6175,1.0,1.0,2.0214563121558777,False
2020-12-15,19442.235,1.0,1.0,2.038823910012632,False
2020-12-16,21370.875,1.0,1.0,2.2410721261157067,False
2020-12-17,22824.125,1.0,1.0,2.393468229095938,False
2020-12-18,23139.1,1.0,1.0,2.4264983082538243,False
2020-12-19,23856.9625,1.0,1.0,2.501777473900235,False
2020-12-20,23478.995,1.0,1.0,2.462141641075063,False
2020-12-21,22729.9375,1.0,1.0,2.3835911893922046,False
2020-12-22,23834.1425,1.0,1.0,2.4993844382422212,False
2020-12-23,23234.965,1.0,1.0,2.4365512601975365,False
2020-12-24,23725.2675,1.0,1.0,2.487967183322577,False
2020-12-25,24705.6075,1.0,1.0,2.590771240157698,False
2020-12-26,26458.9725,1.0,1.0,2.774639117743752,False
2020-12-27,26259.1225,1.0,1.0,2.7536817042356847,False
2020-12-28,27037.975,1.0,1.0,2.8353566299514323,False
2020-12-29,27370.3625,1.0,1.0,2.8702126834035857,False
2020-12-30,28889.2925,1.0,1.0,3.029496366665078,False
2020-12-31,28980.4525,1.0,1.0,3.0390559254111147,False
2021-01-01,29404.035,1.0,1.0,3.0834752079093937,False
2021-01-02,32223.72,1.0,1.0,3.379163496663437,False
2021-01-03,33096.3175,1.0,1.0,3.4706690590032214,False
2021-01-04,32028.2225,1.0,1.0,3.358662511187863,False
2021-01-05,34052.6475,1.0,1.0,3.5709552899773036,False
2021-01-06,36873.235,1.0,1.0,3.8667382200407845,False
2021-01-07,39501.2625,1.0,1.0,4.142328207671873,False
2021-01-08,40658.6275,1.0,1.0,4.263696118028464,False
2021-01-09,40252.745,1.0,1.0,4.22113295871804,False
2021-01-10,38173.345,1.0,1.0,4.003075187145982,False
2021-01-11,35458.7275,1.0,1.0,3.7184048770947604,False
2021-01-12,34034.27,1.0,1.0,3.5690281202662977,False
2021-01-13,37399.4125,1.0,1.0,3.921916200757028,False
2021-01-14,39139.71,1.0,1.0,4.104413745588433,False
2021-01-15,36760.6625,1.0,1.0,3.8549332241331693,False
2021-01-16,36010.045,1.0,1.0,3.7762191819320585,False
2021-01-17,35822.635,1.0,1.0,3.756566297941331,False
2021-01-18,36625.1225,1.0,1.0,3.840719724874307,False
2021-01-19,35915.7275,1.0,1.0,3.7663285096851373,False
2021-01-20,35502.5025,1.0,1.0,3.7229953738489043,False
2021-01-21,30839.85,1.0,1.0,3.234042977116729,False
2021-01-22,33001.7675,1.0,1.0,3.4607540054771384,False
2021-01-23,32111.9675,1.0,1.0,3.3674444906436203,False
2021-01-24,32291.01,1.0,1.0,3.38621991074879,False
2021-01-25,32271.49,1.0,1.0,3.384172931956308,False
2021-01-26,32513.14,1.0,1.0,3.4095137324277838,False
2021-01-27,30427.465,1.0,1.0,3.1907979284826307,False
2021-01-28,33460.75,1.0,1.0,3.508885534351126,False
2021-01-29,34257.6675,1.0,1.0,3.592454859241371,False
2021-01-30,34321.5575,1.0,1.0,3.5991547298895092,False
2021-01-31,33138.715,1.0,1.0,3.4751151032324334,False
2021-02-01,33538.6675,1.0,1.0,3.5170564088420684,False
2021-02-02,35514.35,1.0,1.0,3.724237770429022,False
2021-02-03,37688.8725,1.0,1.0,3.9522706311500473,False
2021-02-04,36987.58,1.0,1.0,3.8787290904314764,False
2021-02-05,38309.9425,1.0,1.0,4.017399581900388,False
2021-02-06,39273.03,1.0,1.0,4.1183944429559345,False
2021-02-07,38868.57,1.0,1.0,4.075980455127699,False
2021-02-08,46431.245,1.0,1.0,4.869045790139583,False
2021-02-09,46507.4325,1.0,1.0,4.877035246940413,False
2021-02-10,44851.2175,1.0,1.0,4.703355073744195,False
2021-02-11,47987.3325,1.0,1.0,5.032226021274109,False
2021-02-12,47438.89,1.0,1.0,4.974713205372692,False
2021-02-13,47230.7775,1.0,1.0,4.9528893388793325,False
2021-02-14,48660.45,1.0,1.0,5.102812970421052,False
2021-02-15,47935.8025,1.0,1.0,5.026822290885963,False
2021-02-16,49184.5275,1.0,1.0,5.157770733131955,False
2021-02-17,52161.055,1.0,1.0,5.469906423077588,False
2021-02-18,51591.845,1.0,1.0,5.410215808401945,False
2021-02-19,55970.9075,1.0,1.0,5.869429336498879,False
2021-02-20,55951.415,1.0,1.0,5.86738524151361,False
2021-02-21,57492.04,1.0,1.0,6.028943986501684,False
2021-02-22,54157.43,1.0,1.0,5.679257718510003,False
2021-02-23,48910.7625,1.0,1.0,5.1290621701645485,False
2021-02-24,49748.1475,1.0,1.0,5.216875148450529,False
2021-02-25,47074.9725,1.0,1.0,4.936550735868951,False
2021-02-26,46329.3875,1.0,1.0,4.858364430387777,False
2021-02-27,46167.6375,1.0,1.0,4.841402400690854,False
2021-02-28,45238.64,1.0,1.0,4.743982411921973,False
2021-03-01,49638.7375,1.0,1.0,5.205401790372383,False
2021-03-02,48502.02,1.0,1.0,5.086199094903996,False
2021-03-03,50383.17,1.0,1.0,5.283467238114912,False
2021-03-04,48356.735,1.0,1.0,5.070963679234647,False
2021-03-05,48754.165,1.0,1.0,5.112640461073583,False
2021-03-06,48902.95,1.0,1.0,5.12824290675183,False
2021-03-07,50977.285,1.0,1.0,5.345769533468155,False
2021-03-08,52408.405,1.0,1.0,5.495844958134983,False
2021-03-09,54923.065,1.0,1.0,5.759546581613578,False
2021-03-10,55858.515,1.0,1.0,5.857643216420292,False
2021-03-11,57804.9625,1.0,1.0,6.061758828775781,False
2021-03-12,57241.355,1.0,1.0,6.002655724278667,False
2021-03-13,61173.205,1.0,1.0,6.4149719929886775,False
2021-03-14,58997.37,1.0,1.0,6.186801496014316,False
2021-03-15,55628.8325,1.0,1.0,5.833557396414955,False
2021-03-16,56917.675,1.0,1.0,5.968712789055794,False
2021-03-17,58917.345,1.0,1.0,6.1784096170251575,False
2021-03-18,57640.2625,1.0,1.0,6.044487445214215,False
2021-03-19,58090.0,1.0,1.0,6.091649490536129,False
2021-03-20,58117.48,1.0,1.0,6.094531200434562,False
2021-03-21,57378.6275,1.0,1.0,6.017050903391932,False
2021-03-22,54095.6,1.0,1.0,5.6727738712385305,False
2021-03-23,54364.5825,1.0,1.0,5.700980913915206,False
2021-03-24,52289.62,1.0,1.0,5.483388483961574,False
2021-03-25,51324.1225,1.0,1.0,5.382140896528471,False
2021-03-26,55069.4325,1.0,1.0,5.774895514421393,False
2021-03-27,55853.0675,1.0,1.0,5.857071960427871,False
2021-03-28,55786.5525,1.0,1.0,5.85009681727306,False
2021-03-29,57610.7275,1.0,1.0,6.041390236267702,False
2021-03-30,58774.2275,1.0,1.0,6.163401497797032,False
2021-03-31,58793.155,1.0,1.0,6.165386343652293,False
2021-04-01,58728.87,1.0,1.0,6.158645051046008,False
2021-04-02,59004.0675,1.0,1.0,6.1875038341527695,False
2021-04-03,57091.5725,1.0,1.0,5.986948675047882,False
2021-04-04,58210.9525,1.0,1.0,6.104333261150764,False
2021-04-05,59121.7175,1.0,1.0,6.1998412857375795,False
2021-04-06,58022.615,1.0,1.0,6.084583114207678,False
2021-04-07,55940.0875,1.0,1.0,5.866197375106242,False
2021-04-08,58075.6975,1.0,1.0,6.090149648621199,False
2021-04-09,58108.4575,1.0,1.0,6.093585049504481,False
2021-04-10,59776.6,1.0,1.0,6.268516008538166,False
2021-04-11,59975.28,1.0,1.0,6.289350729157545,False
2021-04-12,59839.575,1.0,1.0,6.275119927055407,False
2021-04-13,63589.9225,1.0,1.0,6.66840280599685,False
2021-04-14,62974.7825,1.0,1.0,6.6038957089473,False
2021-04-15,63237.2225,1.0,1.0,6.63141666767163,False
2021-04-16,61438.79,1.0,1.0,6.442822754392432,False
2021-04-17,60061.09,1.0,1.0,6.298349256318552,False
2021-04-18,56271.87,1.0,1.0,5.900989984799715,False
2021-04-19,55700.7925,1.0,1.0,5.841103533397896,False
2021-04-20,56501.88,1.0,1.0,5.925110148327313,False
2021-04-21,53806.5825,1.0,1.0,5.642465843925208,False
2021-04-22,51704.1075,0.0,1.0,5.4219882959373455,False
2021-04-23,51187.5525,0.0,1.0,5.367819385581279,False
2021-04-24,50107.2925,0.0,1.0,5.2545371463207085,False
2021-04-25,49123.22,0.0,1.0,5.151341678197527,False
2021-04-26,54059.8475,1.0,1.0,5.669024659697643,False
2021-04-27,55080.8275,1.0,1.0,5.776090459264652,False
2021-04-28,54895.465,1.0,1.0,5.756652287829129,False
2021-04-29,53590.8525,1.0,1.0,5.619843162833914,False
2021-04-30,57789.0575,1.0,1.0,6.060090939549635,False
2021-05-01,57859.9475,1.0,1.0,6.067524870215569,False
2021-05-02,56625.7675,1.0,1.0,5.938101699820838,False
2021-05-03,57209.99,1.0,1.0,5.99936661107036,False
2021-05-04,53239.4225,1.0,1.0,5.5829902039690635,False
2021-05-05,57511.91,1.0,1.0,6.031027668295057,False
2021-05-06,56439.795,1.0,1.0,5.918599560298049,False
2021-05-07,57384.81,1.0,1.0,6.017699235686223,False
2021-05-08,58969.925,1.0,1.0,6.1839234564159735,False
2021-05-09,58303.4025,1.0,1.0,6.114028096671509,False
2021-05-10,55879.4175,1.0,1.0,5.8598351720662905,False
2021-05-11,56759.9075,1.0,1.0,5.95216838707614,False
2021-05-12,49459.7575,0.0,1.0,5.186632924374516,False
2021-05-13,49685.1225,0.0,1.0,5.210265986647449,False
2021-05-14,49890.035,0.0,1.0,5.231754282846959,False
2021-05-15,46756.4075,0.0,1.0,4.903144188787654,False
2021-05-16,46456.4725,0.0,1.0,4.87169129001086,False
2021-05-17,43577.1775,0.0,1.0,4.5697519558767015,False
2021-05-18,42879.025,0.0,1.0,4.4965396935089705,False
2021-05-19,36752.975,0.0,1.0,3.854127068935053,False
2021-05-20,40612.6375,0.0,1.0,4.258873343711545,False
2021-05-21,37335.305,0.0,1.0,3.9151935218154787,False
2021-05-22,37485.48,-1.0,-1.0,3.9309417308401176,True
2021-05-23,34730.7875,-1.0,-1.0,3.9309417308401176,False
2021-05-24,38853.5125,-1.0,-1.0,3.9309417308401176,False
2021-05-25,38384.4825,-1.0,-1.0,3.9309417308401176,False
2021-05-26,39294.965,-1.0,-1.0,3.9309417308401176,False
2021-05-27,38536.2775,-1.0,-1.0,3.9309417308401176,False
2021-05-28,35685.1975,-1.0,-1.0,3.9309417308401176,False
2021-05-29,34619.3575,-1.0,-1.0,3.9309417308401176,False
2021-05-30,35676.71,-1.0,-1.0,3.9309417308401176,False
2021-05-31,37308.4825,-1.0,-1.0,3.9309417308401176,False
2021-06-01,36685.2475,-1.0,-1.0,3.9309417308401176,False
2021-06-02,37580.4475,-1.0,-1.0,3.9309417308401176,False
2021-06-03,39229.3325,-1.0,-1.0,3.9309417308401176,False
2021-06-04,36864.8875,-1.0,-1.0,3.9309417308401176,False
2021-06-05,35536.965,-1.0,-1.0,3.9309417308401176,False
2021-06-06,35803.195,-1.0,-1.0,3.9309417308401176,False
2021-06-07,33584.455,-1.0,-1.0,3.9309417308401176,False
2021-06-08,33412.1675,-1.0,-1.0,3.9309417308401176,False
2021-06-09,37401.73,-1.0,-1.0,3.9309417308401176,False
2021-06-10,36685.765,-1.0,-1.0,3.9309417308401176,False
2021-06-11,37336.5825,-1.0,-1.0,3.9309417308401176,False
2021-06-12,35546.655,-1.0,-1.0,3.9309417308401176,False
2021-06-13,39026.525,-1.0,-1.0,3.9309417308401176,False
2021-06-14,40534.765,-1.0,-1.0,3.9309417308401176,False
2021-06-15,40174.73,-1.0,-1.0,3.9309417308401176,False
2021-06-16,38349.0475,-1.0,-1.0,3.9309417308401176,False
2021-06-17,38078.7175,-1.0,-1.0,3.9309417308401176,False
2021-06-18,35828.5925,-1.0,-1.0,3.9309417308401176,False
2021-06-19,35496.7275,-1.0,-1.0,3.9309417308401176,False
2021-06-20,35592.295,-1.0,-1.0,3.9309417308401176,False
2021-06-21,31628.705,-1.0,-1.0,3.9309417308401176,False
2021-06-22,32531.0825,-1.0,-1.0,3.9309417308401176,False
2021-06-23,33676.2075,-1.0,-1.0,3.9309417308401176,False
2021-06-24,34666.66,-1.0,-1.0,3.9309417308401176,False
2021-06-25,31594.5075,-1.0,-1.0,3.9309417308401176,False
2021-06-26,32275.4475,-1.0,-1.0,3.9309417308401176,False
2021-06-27,34690.9775,-1.0,-1.0,3.9309417308401176,False
2021-06-28,34488.3475,-1.0,-1.0,3.9309417308401176,False
2021-06-29,35907.5775,-1.0,-1.0,3.9309417308401176,False
2021-06-30,35041.1075,-1.0,-1.0,3.9309417308401176,False
2021-07-01,33534.25,-1.0,-1.0,3.9309417308401176,False
2021-07-02,33809.2275,-1.0,-1.0,3.9309417308401176,False
2021-07-03,34684.7125,-1.0,-1.0,3.9309417308401176,False
2021-07-04,35293.315,-1.0,-1.0,3.9309417308401176,False
2021-07-05,33697.2525,-1.0,-1.0,3.9309417308401176,False
2021-07-06,34232.385,-1.0,-1.0,3.9309417308401176,False
2021-07-07,33882.7525,-1.0,-1.0,3.9309417308401176,False
2021-07-08,32883.2225,-1.0,-1.0,3.9309417308401176,False
2021-07-09,33818.1725,-1.0,-1.0,3.9309417308401176,False
2021-07-10,33519.4025,-1.0,-1.0,3.9309417308401176,False
2021-07-11,34251.9575,-1.0,-1.0,3.9309417308401176,False
2021-07-12,33103.185,-1.0,-1.0,3.9309417308401176,False
2021-07-13,32724.8375,-1.0,-1.0,3.9309417308401176,False
2021-07-14,32819.0775,-1.0,-1.0,3.9309417308401176,False
2021-07-15,31856.78,-1.0,-1.0,3.9309417308401176,False
2021-07-16,31394.39,-1.0,-1.0,3.9309417308401176,False
2021-07-17,31527.1125,-1.0,-1.0,3.9309417308401176,False
2021-07-18,31784.15,-1.0,-1.0,3.9309417308401176,False
2021-07-19,30830.1625,-1.0,-1.0,3.9309417308401176,False
2021-07-20,29792.0175,-1.0,-1.0,3.9309417308401176,False
2021-07-21,32135.375,-1.0,-1.0,3.9309417308401176,False
2021-07-22,32291.6375,-1.0,-1.0,3.9309417308401176,False
2021-07-23,33654.6525,-1.0,-1.0,3.9309417308401176,False
2021-07-24,34289.215,-1.0,-1.0,3.9309417308401176,False
2021-07-25,35428.2675,0.0,-1.0,3.9309417308401176,False
2021-07-26,37268.7025,0.0,-1.0,3.9309417308401176,False
2021-07-27,39484.85,0.0,-1.0,3.9309417308401176,False
2021-07-28,40026.4275,0.0,-1.0,3.9309417308401176,False
2021-07-29,40029.9225,0.0,-1.0,3.9309417308401176,False
2021-07-30,42228.505,0.0,-1.0,3.9309417308401176,False
2021-07-31,41493.865,0.0,-1.0,3.9309417308401176,False
2021-08-01,39867.6725,0.0,-1.0,3.9309417308401176,False
2021-08-02,39156.295,0.0,-1.0,3.9309417308401176,False
2021-08-03,38180.29,0.0,-1.0,3.9309417308401176,False
2021-08-04,39728.1325,0.0,-1.0,3.9309417308401176,False
2021-08-05,40889.9125,0.0,-1.0,3.9309417308401176,False
2021-08-06,42839.7175,0.0,-1.0,3.9309417308401176,False
2021-08-07,44624.2,0.0,-1.0,3.9309417308401176,False
2021-08-08,43842.615,0.0,-1.0,3.9309417308401176,False
2021-08-09,46291.175,0.0,-1.0,3.9309417308401176,False
2021-08-10,45599.3,0.0,-1.0,3.9309417308401176,False
2021-08-11,45553.7625,0.0,-1.0,3.9309417308401176,False
2021-08-12,44424.67,0.0,-1.0,3.9309417308401176,False
2021-08-13,47838.4075,1.0,1.0,3.9309417308401176,True
2021-08-14,47115.0775,1.0,1.0,3.8715048007506576,False
2021-08-15,47022.2825,1.0,1.0,3.863879719629107,False
2021-08-16,45917.8125,1.0,1.0,3.7731240394058263,False
2021-08-17,44680.955,1.0,1.0,3.6714899128548413,False
2021-08-18,44714.75,1.0,1.0,3.6742668902405065,False
2021-08-19,46764.05,1.0,1.0,3.842660432375258,False
2021-08-20,49343.1725,1.0,1.0,4.054590151486385,False
2021-08-21,48872.535,1.0,1.0,4.0159172799271,False
2021-08-22,49288.8975,1.0,1.0,4.050130306905619,False
2021-08-23,49530.47,1.0,1.0,4.069980621138454,False
2021-08-24,47713.01,1.0,1.0,3.92063766154824,False
2021-08-25,49000.2575,1.0,1.0,4.02641239737467,False
2021-08-26,46858.64,1.0,1.0,3.850433010890128,False
2021-08-27,49084.0325,1.0,1.0,4.033296293823378,False
2021-08-28,48925.0275,1.0,1.0,4.020230654255166,False
2021-08-29,48800.0725,1.0,1.0,4.009962945741309,False
2021-08-30,46995.615,1.0,1.0,3.8616884178261093,False
2021-08-31,47140.64,1.0,1.0,3.8736053033226656,False
2021-09-01,48852.315,1.0,1.0,4.0142557772569365,False
2021-09-02,49282.96,1.0,1.0,4.049642415110164,False
2021-09-03,50022.6475,1.0,1.0,4.110423461417586,False
2021-09-04,49945.5725,1.0,1.0,4.104090112342274,False
2021-09-05,51791.6375,1.0,1.0,4.255783580531895,False
2021-09-06,52698.0575,1.0,1.0,4.330265244740055,False
2021-09-07,46878.23,1.0,1.0,3.852042745672942,False
2021-09-08,46077.8625,1.0,1.0,3.7862755479300367,False
2021-09-09,46392.3625,1.0,1.0,3.8121184059798,False
2021-09-10,44853.1875,1.0,1.0,3.6856424726292625,False
2021-09-11,45164.76,1.0,1.0,3.711244774345351,False
2021-09-12,46038.8925,1.0,1.0,3.78307333432686,False
2021-09-13,44961.89,1.0,1.0,3.694574692906383,False
2021-09-14,47130.095,1.0,1.0,3.872738807493939,False
2021-09-15,48150.2275,1.0,1.0,3.95656436994052,False
2021-09-16,47765.91,1.0,1.0,3.9249845206605847,False
2021-09-17,47291.0575,1.0,1.0,3.8859652972835574,False
2021-09-18,48315.1775,1.0,1.0,3.9701185175885594,False
2021-09-19,47249.3475,1.0,1.0,3.8825379344560353,False
2021-09-20,43011.9325,1.0,1.0,3.534344248150991,False
2021-09-21,40685.64,1.0,1.0,3.3431898861168787,False
2021-09-22,43575.315,1.0,1.0,3.5806380922693393,False
2021-09-23,44897.02,1.0,1.0,3.6892442439344,False
2021-09-24,42844.64,1.0,1.0,3.520597614350386,False
2021-09-25,42712.155,0.0,1.0,3.5097111563258303,False
2021-09-26,43194.81,0.0,1.0,3.5493715208791157,False
2021-09-27,42177.77,0.0,1.0,3.4658000730224194,False
2021-09-28,41038.115,0.0,1.0,3.3721531973763064,False
2021-09-29,41533.695,1.0,1.0,3.4128756253327497,False
2021-09-30,43821.91,1.0,1.0,3.6009011116040957,False
2021-10-01,48166.92,1.0,1.0,3.9579360135271497,False
2021-10-02,47670.6225,1.0,1.0,3.9171546276990026,False
2021-10-03,48235.595,1.0,1.0,3.963579124104471,False
2021-10-04,49241.84,1.0,1.0,4.0462635333199986,False
2021-10-05,51501.91,1.0,1.0,4.231976309766829,False
2021-10-06,55340.09,1.0,1.0,4.54736435717363,False
2021-10-07,53798.51,1.0,1.0,4.420690801967419,False
2021-10-08,53957.7325,1.0,1.0,4.433774313782454,False
2021-10-09,54966.9725,1.0,1.0,4.516704825891017,False
2021-10-10,54696.93,1.0,1.0,4.4945150961774925,False
2021-10-11,57493.035,1.0,1.0,4.724274538489837,False
2021-10-12,56007.4425,1.0,1.0,4.602201546129606,False
2021-10-13,57376.32,1.0,1.0,4.714683921074008,False
2021-10-14,57356.9225,1.0,1.0,4.713090004256774,False
2021-10-15,61668.5875,1.0,1.0,5.067384905856555,False
2021-10-16,60871.4575,1.0,1.0,5.001883737534749,False
2021-10-17,61532.1675,1.0,1.0,5.05617510396419,False
2021-10-18,62048.745,1.0,1.0,5.098622922737484,False
2021-10-19,64280.3625,1.0,1.0,5.281997721700495,False
2021-10-20,66023.1025,1.0,1.0,5.425200845508583,False
2021-10-21,62210.005,1.0,1.0,5.111873858473906,False
2021-10-22,60693.4425,1.0,1.0,4.987256022508585,False
2021-10-23,61316.555,1.0,1.0,5.038457955375144,False
2021-10-24,60875.2975,1.0,1.0,5.00219927513383,False
2021-10-25,63087.9,1.0,1.0,5.184011587782639,False
2021-10-26,60319.11,1.0,1.0,4.95649665315751,False
2021-10-27,58473.77,1.0,1.0,4.804862759123966,False
2021-10-28,60600.135,1.0,1.0,4.979588828621532,False
2021-10-29,62279.4025,1.0,1.0,5.11757633777918,False
2021-10-30,61899.5925,1.0,1.0,5.086366875407541,False
2021-10-31,61357.63,1.0,1.0,5.041833139459068,False
2021-11-01,60947.0975,1.0,1.0,5.008099170866654,False
2021-11-02,63266.1025,1.0,1.0,5.1986547099181335,False
2021-11-03,62937.0925,1.0,1.0,5.171619547034341,False
2021-11-04,61450.845,1.0,1.0,5.0494927325055174,False
2021-11-05,61016.1575,1.0,1.0,5.013773917375132,False
2021-11-06,61543.7625,1.0,1.0,5.057127879605164,False
2021-11-07,63312.7675,1.0,1.0,5.20248923128822,False
2021-11-08,67556.4625,1.0,1.0,5.5511989530417605,False
2021-11-09,66947.1225,1.0,1.0,5.501128723712532,False
2021-11-10,64936.2625,1.0,1.0,5.335893844418585,False
2021-11-11,64822.07,1.0,1.0,5.326510503980279,False
2021-11-12,64153.3275,1.0,1.0,5.2715590969871355,False
2021-11-13,64406.96,1.0,1.0,5.292400396492085,False
2021-11-14,65502.47,1.0,1.0,5.382419822317509,False
2021-11-15,63617.4125,1.0,1.0,5.227522291671591,False
2021-11-16,60127.2875,1.0,1.0,4.940734358600275,False
2021-11-17,60348.1,1.0,1.0,4.958878797688075,False
2021-11-18,56912.3075,1.0,1.0,4.676555434044386,False
2021-11-19,58067.5975,1.0,1.0,4.771487057180509,False
2021-11-20,59739.2175,1.0,1.0,4.908846161705611,False
2021-11-21,58794.32,1.0,1.0,4.831202753234782,False
2021-11-22,56312.4125,1.0,1.0,4.627261312169148,False
2021-11-23,57573.43,1.0,1.0,4.730880696114353,False
2021-11-24,57180.3325,1.0,1.0,4.698579383261517,False
2021-11-25,58971.925,1.0,1.0,4.845796778048545,False
2021-11-26,53871.2875,1.0,1.0,4.426671020096882,False
2021-11-27,54775.655,1.0,1.0,4.500984027814908,False
2021-11-28,57322.77,1.0,1.0,4.710283650649317,False
2021-11-29,57838.79,1.0,1.0,4.75268565895087,False
2021-11-30,57014.33,1.0,1.0,4.684938750373104,False
2021-12-01,57213.37,1.0,1.0,4.701294115925488,False
2021-12-02,56552.32,0.0,1.0,4.646974811271129,False
2021-12-03,53683.26,0.0,1.0,4.411220565432487,False
2021-12-04,49231.66,0.0,1.0,4.045427029997432,False
2021-12-05,49409.58,0.0,1.0,4.060046938754868,False
2021-12-06,50547.88,0.0,1.0,4.153582472357555,False
2021-12-07,50644.37,0.0,1.0,4.1615111762469725,False
2021-12-08,50518.96,0.0,1.0,4.151206079814474,False
2021-12-09,47658.92,0.0,1.0,3.916193018648675,False
2021-12-10,47229.01,0.0,1.0,3.8808667766640212,False
2021-12-11,49369.71,0.0,1.0,4.0567707710269065,False
2021-12-12,50112.02,0.0,1.0,4.117767311436825,False
2021-12-13,46718.8,0.0,1.0,3.8389421833235775,False
2021-12-14,48378.82,0.0,1.0,3.975348101351455,False
2021-12-15,48895.13,0.0,1.0,4.017773939315439,False
2021-12-16,47656.12,0.0,1.0,3.9159629391493445,False
2021-12-17,46216.71,0.0,1.0,3.797684820531191,False
2021-12-18,46893.49,0.0,1.0,3.8532966789442864,False
2021-12-19,46724.12,0.0,1.0,3.8393793343723046,False
2021-12-20,46921.46,0.0,1.0,3.8555950088000954,False
2021-12-21,48948.51,0.0,1.0,4.02216024062767,False
2021-12-22,48625.01,0.0,1.0,3.99557784133006,False
2021-12-23,50825.37,0.0,1.0,4.176384172453674,False
2021-12-24,50835.68,0.0,1.0,4.177231358038707,False
2021-12-25,50440.34,0.0,1.0,4.144745776158283,False
2021-12-26,50801.7,0.0,1.0,4.174439178971836,False
2021-12-27,50713.28,0.0,1.0,4.167173597067989,False
2021-12-28,47564.01,0.0,1.0,3.9083941453338813,False
2021-12-29,46471.03,-1.0,-1.0,3.818582612770352,True
2021-12-30,47141.1,-1.0,-1.0,3.818582612770352,False
2021-12-31,46195.56,-1.0,-1.0,3.818582612770352,False
2022-01-01,47746.11,-1.0,-1.0,3.818582612770352,False
2022-01-02,47323.62,-1.0,-1.0,3.818582612770352,False
2022-01-03,46446.75,-1.0,-1.0,3.818582612770352,False
2022-01-04,45838.87,-1.0,-1.0,3.818582612770352,False
2022-01-05,43452.83,-1.0,-1.0,3.818582612770352,False
2022-01-06,43115.92,-1.0,-1.0,3.818582612770352,False
2022-01-07,41543.69,-1.0,-1.0,3.818582612770352,False
2022-01-08,41687.0,-1.0,-1.0,3.818582612770352,False
2022-01-09,41865.65,-1.0,-1.0,3.818582612770352,False
2022-01-10,41837.29,-1.0,-1.0,3.818582612770352,False
2022-01-11,42734.84,-1.0,-1.0,3.818582612770352,False
2022-01-12,43929.15,-1.0,-1.0,3.818582612770352,False
2022-01-13,42566.66,-1.0,-1.0,3.818582612770352,False
2022-01-14,43092.97,-1.0,-1.0,3.818582612770352,False
2022-01-15,43111.45,-1.0,-1.0,3.818582612770352,False
2022-01-16,43108.81,-1.0,-1.0,3.818582612770352,False
2022-01-17,42244.92,-1.0,-1.0,3.818582612770352,False
2022-01-18,42376.79,-1.0,-1.0,3.818582612770352,False
2022-01-19,41690.96,-1.0,-1.0,3.818582612770352,False
2022-01-20,40675.73,-1.0,-1.0,3.818582612770352,False
2022-01-21,36462.45,-1.0,-1.0,3.818582612770352,False
2022-01-22,35064.16,-1.0,-1.0,3.818582612770352,False
2022-01-23,36292.06,-1.0,-1.0,3.818582612770352,False
2022-01-24,36706.69,-1.0,-1.0,3.818582612770352,False
2022-01-25,36974.02,-1.0,-1.0,3.818582612770352,False
2022-01-26,36838.86,-1.0,-1.0,3.818582612770352,False
2022-01-27,37180.02,-1.0,-1.0,3.818582612770352,False
2022-01-28,37747.68,-1.0,-1.0,3.818582612770352,False
2022-01-29,38180.95,-1.0,-1.0,3.818582612770352,False
2022-01-30,37929.9,-1.0,-1.0,3.818582612770352,False
2022-01-31,38498.99,-1.0,-1.0,3.818582612770352,False
2022-02-01,38723.35,-1.0,-1.0,3.818582612770352,False
2022-02-02,36914.92,-1.0,-1.0,3.818582612770352,False
2022-02-03,37322.6,-1.0,-1.0,3.818582612770352,False
2022-02-04,41595.79,-1.0,-1.0,3.818582612770352,False
2022-02-05,41418.02,-1.0,-1.0,3.818582612770352,False
2022-02-06,42417.63,-1.0,-1.0,3.818582612770352,False
2022-02-07,43869.2,-1.0,-1.0,3.818582612770352,False
2022-02-08,44133.22,-1.0,-1.0,3.818582612770352,False
2022-02-09,44420.56,-1.0,-1.0,3.818582612770352,False
2022-02-10,43528.61,-1.0,-1.0,3.818582612770352,False
2022-02-11,42397.41,-1.0,-1.0,3.818582612770352,False
2022-02-12,42242.26,-1.0,-1.0,3.818582612770352,False
2022-02-13,42073.76,-1.0,-1.0,3.818582612770352,False
2022-02-14,42550.24,-1.0,-1.0,3.818582612770352,False
2022-02-15,44573.39,-1.0,-1.0,3.818582612770352,False
2022-02-16,43888.51,-1.0,-1.0,3.818582612770352,False
2022-02-17,40546.12,-1.0,-1.0,3.818582612770352,False
2022-02-18,39993.25,-1.0,-1.0,3.818582612770352,False
2022-02-19,40104.1,-1.0,-1.0,3.818582612770352,False
2022-02-20,38386.55,-1.0,-1.0,3.818582612770352,False
2022-02-21,37032.64,-1.0,-1.0,3.818582612770352,False
2022-02-22,38259.84,-1.0,-1.0,3.818582612770352,False
2022-02-23,37261.73,-1.0,-1.0,3.818582612770352,False
2022-02-24,38353.01,-1.0,-1.0,3.818582612770352,False
2022-02-25,39232.14,-1.0,-1.0,3.818582612770352,False
2022-02-26,39133.73,-1.0,-1.0,3.818582612770352,False
2022-02-27,37711.29,-1.0,-1.0,3.818582612770352,False
2022-02-28,43188.92,0.0,-1.0,3.818582612770352,False
2022-03-01,44438.27,0.0,-1.0,3.818582612770352,False
2022-03-02,43926.92,0.0,-1.0,3.818582612770352,False
2022-03-03,42466.71,0.0,-1.0,3.818582612770352,False
2022-03-04,39161.89,-1.0,-1.0,3.818582612770352,False
2022-03-05,39406.8,-1.0,-1.0,3.818582612770352,False
2022-03-06,38423.0,-1.0,-1.0,3.818582612770352,False
2022-03-07,38008.62,-1.0,-1.0,3.818582612770352,False
2022-03-08,38752.44,0.0,-1.0,3.818582612770352,False
2022-03-09,41964.16,0.0,-1.0,3.818582612770352,False
2022-03-10,39438.05,-1.0,-1.0,3.818582612770352,False
2022-03-11,38735.35,-1.0,-1.0,3.818582612770352,False
2022-03-12,38809.19,-1.0,-1.0,3.818582612770352,False
2022-03-13,37790.82,-1.0,-1.0,3.818582612770352,False
2022-03-14,39673.63,-1.0,-1.0,3.818582612770352,False
2022-03-15,39311.59,-1.0,-1.0,3.818582612770352,False
2022-03-16,41134.5,0.0,-1.0,3.818582612770352,False
2022-03-17,40951.81,0.0,-1.0,3.818582612770352,False
2022-03-18,41782.51,0.0,-1.0,3.818582612770352,False
2022-03-19,42228.16,0.0,-1.0,3.818582612770352,False
2022-03-20,41277.41,0.0,-1.0,3.818582612770352,False
2022-03-21,41027.61,0.0,-1.0,3.818582612770352,False
2022-03-22,42382.59,0.0,-1.0,3.818582612770352,False
2022-03-23,42910.55,0.0,-1.0,3.818582612770352,False
2022-03-24,44008.86,0.0,-1.0,3.818582612770352,False
2022-03-25,44325.51,0.0,-1.0,3.818582612770352,False
2022-03-26,44542.83,0.0,-1.0,3.818582612770352,False
2022-03-27,46856.67,0.0,-1.0,3.818582612770352,False
2022-03-28,47140.78,0.0,-1.0,3.818582612770352,False
2022-03-29,47454.07,0.0,-1.0,3.818582612770352,False
2022-03-30,47069.52,0.0,-1.0,3.818582612770352,False
2022-03-31,45526.92,0.0,-1.0,3.818582612770352,False
2022-04-01,46308.14,0.0,-1.0,3.818582612770352,False
2022-04-02,45821.46,1.0,1.0,3.818582612770352,True
2022-04-03,46415.99,1.0,1.0,3.868128435203124,False
2022-04-04,46602.28,1.0,1.0,3.8836531206874585,False
2022-04-05,45498.32,1.0,1.0,3.7916533794920895,False
2022-04-06,43181.76,1.0,1.0,3.598600261205608,False
2022-04-07,43461.88,1.0,1.0,3.621944374673167,False
2022-04-08,42281.62,1.0,1.0,3.523586087648958,False
2022-04-09,42767.81,1.0,1.0,3.5641032750214863,False
2022-04-10,42155.88,1.0,1.0,3.5131074041297126,False
2022-04-11,39532.17,0.0,1.0,3.2944575970971193,False
2022-04-12,40087.3,0.0,1.0,3.3407199764675544,False
2022-04-13,41144.7,0.0,1.0,3.4288395879933184,False
2022-04-14,39953.82,0.0,1.0,3.329596271392408,False
2022-04-15,40563.6,0.0,1.0,3.3804129696297647,False
2022-04-16,40389.5,0.0,1.0,3.365904151427915,False
2022-04-17,39687.65,0.0,1.0,3.3074146967756,False
2022-04-18,40809.49,0.0,1.0,3.4009044877667702,False
2022-04-19,41503.85,1.0,1.0,3.458769754892768,False
2022-04-20,41375.16,1.0,1.0,3.44804522982444,False
2022-04-21,40481.15,0.0,1.0,3.3735419066731733,False
2022-04-22,39719.22,0.0,1.0,3.3100456180313858,False
2022-04-23,39440.84,0.0,1.0,3.286846509409726,False
2022-04-24,39465.69,0.0,1.0,3.288917411950312,False
2022-04-25,40440.55,0.0,1.0,3.370158460268836,False
2022-04-26,38123.48,0.0,1.0,3.1770628405620043,False
2022-04-27,39252.85,0.0,1.0,3.2711801525242254,False
2022-04-28,39748.89,0.0,1.0,3.3125182006623386,False
2022-04-29,38592.08,0.0,1.0,3.2161141456130484,False
2022-04-30,37648.79,0.0,1.0,3.137504018550311,False
2022-05-01,38479.3,0.0,1.0,3.2067154981874046,False
2022-05-02,38511.75,-1.0,-1.0,3.209419755227324,True
2022-05-03,37725.77,-1.0,-1.0,3.209419755227324,False
2022-05-04,39680.04,-1.0,-1.0,3.209419755227324,False
2022-05-05,36541.63,-1.0,-1.0,3.209419755227324,False
2022-05-06,36010.24,-1.0,-1.0,3.209419755227324,False
2022-05-07,35461.25,-1.0,-1.0,3.209419755227324,False
2022-05-08,34027.56,-1.0,-1.0,3.209419755227324,False
2022-05-09,30076.35,-1.0,-1.0,3.209419755227324,False
2022-05-10,31001.31,-1.0,-1.0,3.209419755227324,False
2022-05-11,28991.23,-1.0,-1.0,3.209419755227324,False
2022-05-12,28928.01,-1.0,-1.0,3.209419755227324,False
2022-05-13,29234.0,-1.0,-1.0,3.209419755227324,False
2022-05-14,30040.99,-1.0,-1.0,3.209419755227324,False
2022-05-15,31293.29,-1.0,-1.0,3.209419755227324,False
2022-05-16,29832.75,-1.0,-1.0,3.209419755227324,False
2022-05-17,30414.61,-1.0,-1.0,3.209419755227324,False
2022-05-18,28672.03,-1.0,-1.0,3.209419755227324,False
2022-05-19,30283.19,-1.0,-1.0,3.209419755227324,False
2022-05-20,29166.42,-1.0,-1.0,3.209419755227324,False
2022-05-21,29410.96,-1.0,-1.0,3.209419755227324,False
2022-05-22,30264.11,-1.0,-1.0,3.209419755227324,False
2022-05-23,29075.93,-1.0,-1.0,3.209419755227324,False
2022-05-24,29630.68,-1.0,-1.0,3.209419755227324,False
2022-05-25,29511.36,-1.0,-1.0,3.209419755227324,False
2022-05-26,29175.27,-1.0,-1.0,3.209419755227324,False
2022-05-27,28586.94,-1.0,-1.0,3.209419755227324,False
2022-05-28,29013.09,-1.0,-1.0,3.209419755227324,False
2022-05-29,29449.54,-1.0,-1.0,3.209419755227324,False
2022-05-30,31719.73,-1.0,-1.0,3.209419755227324,False
2022-05-31,31775.89,-1.0,-1.0,3.209419755227324,False
2022-06-01,29787.13,-1.0,-1.0,3.209419755227324,False
2022-06-02,30433.5,-1.0,-1.0,3.209419755227324,False
2022-06-03,29673.24,-1.0,-1.0,3.209419755227324,False
2022-06-04,29845.93,-1.0,-1.0,3.209419755227324,False
2022-06-05,29899.4,-1.0,-1.0,3.209419755227324,False
2022-06-06,31351.91,-1.0,-1.0,3.209419755227324,False
2022-06-07,31107.6,-1.0,-1.0,3.209419755227324,False
2022-06-08,30185.45,-1.0,-1.0,3.209419755227324,False
2022-06-09,30080.69,-1.0,-1.0,3.209419755227324,False
2022-06-10,29061.48,-1.0,-1.0,3.209419755227324,False
2022-06-11,28387.02,-1.0,-1.0,3.209419755227324,False
2022-06-12,26565.12,-1.0,-1.0,3.209419755227324,False
2022-06-13,22458.28,-1.0,-1.0,3.209419755227324,False
2022-06-14,22109.15,-1.0,-1.0,3.209419755227324,False
2022-06-15,22560.52,-1.0,-1.0,3.209419755227324,False
2022-06-16,20375.02,-1.0,-1.0,3.209419755227324,False
2022-06-17,20441.06,-1.0,-1.0,3.209419755227324,False
2022-06-18,18951.09,-1.0,-1.0,3.209419755227324,False
2022-06-19,20552.98,-1.0,-1.0,3.209419755227324,False
2022-06-20,20552.75,-1.0,-1.0,3.209419755227324,False
2022-06-21,20702.57,-1.0,-1.0,3.209419755227324,False
2022-06-22,19961.51,-1.0,-1.0,3.209419755227324,False
2022-06-23,21096.53,-1.0,-1.0,3.209419755227324,False
2022-06-24,21216.63,-1.0,-1.0,3.209419755227324,False
2022-06-25,21481.56,-1.0,-1.0,3.209419755227324,False
2022-06-26,21029.53,-1.0,-1.0,3.209419755227324,False
2022-06-27,20711.61,-1.0,-1.0,3.209419755227324,False
2022-06-28,20253.96,-1.0,-1.0,3.209419755227324,False
2022-06-29,20091.47,-1.0,-1.0,3.209419755227324,False
2022-06-30,19949.77,-1.0,-1.0,3.209419755227324,False
2022-07-01,19248.11,-1.0,-1.0,3.209419755227324,False
2022-07-02,19224.84,-1.0,-1.0,3.209419755227324,False
2022-07-03,19292.67,-1.0,-1.0,3.209419755227324,False
2022-07-04,20208.46,-1.0,-1.0,3.209419755227324,False
2022-07-05,20162.71,-1.0,-1.0,3.209419755227324,False
2022-07-06,20544.2,-1.0,-1.0,3.209419755227324,False
2022-07-07,21621.52,-1.0,-1.0,3.209419755227324,False
2022-07-08,21589.1,-1.0,-1.0,3.209419755227324,False
2022-07-09,21582.02,-1.0,-1.0,3.209419755227324,False
2022-07-10,20843.12,-1.0,-1.0,3.209419755227324,False
2022-07-11,19946.61,-1.0,-1.0,3.209419755227324,False
2022-07-12,19310.95,-1.0,-1.0,3.209419755227324,False
2022-07-13,20229.58,-1.0,-1.0,3.209419755227324,False
2022-07-14,20576.56,-1.0,-1.0,3.209419755227324,False
2022-07-15,20828.63,-1.0,-1.0,3.209419755227324,False
2022-07-16,21196.9,-1.0,-1.0,3.209419755227324,False
2022-07-17,20793.29,-1.0,-1.0,3.209419755227324,False
2022-07-18,22438.4,-1.0,-1.0,3.209419755227324,False
2022-07-19,23402.53,-1.0,-1.0,3.209419755227324,False
2022-07-20,23223.96,-1.0,-1.0,3.209419755227324,False
2022-07-21,23158.95,-1.0,-1.0,3.209419755227324,False
2022-07-22,22684.25,-1.0,-1.0,3.209419755227324,False
2022-07-23,22459.15,-1.0,-1.0,3.209419755227324,False
2022-07-24,22586.22,-1.0,-1.0,3.209419755227324,False
2022-07-25,21306.56,-1.0,-1.0,3.209419755227324,False
2022-07-26,21264.87,-1.0,-1.0,3.209419755227324,False
2022-07-27,22964.43,-1.0,-1.0,3.209419755227324,False
2022-07-28,23855.88,-1.0,-1.0,3.209419755227324,False
2022-07-29,23789.6,-1.0,-1.0,3.209419755227324,False
2022-07-30,23645.08,-1.0,-1.0,3.209419755227324,False
2022-07-31,23315.95,-1.0,-1.0,3.209419755227324,False
2022-08-01,23277.07,-1.0,-1.0,3.209419755227324,False
2022-08-02,22994.19,-1.0,-1.0,3.209419755227324,False
2022-08-03,22831.86,-1.0,-1.0,3.209419755227324,False
2022-08-04,22621.93,-1.0,-1.0,3.209419755227324,False
2022-08-05,23322.46,-1.0,-1.0,3.209419755227324,False
2022-08-06,22952.69,-1.0,-1.0,3.209419755227324,False
2022-08-07,23181.62,-1.0,-1.0,3.209419755227324,False
2022-08-08,23820.8,-1.0,-1.0,3.209419755227324,False
2022-08-09,23159.22,-1.0,-1.0,3.209419755227324,False
2022-08-10,23961.97,-1.0,-1.0,3.209419755227324,False
2022-08-11,23954.9,0.0,-1.0,3.209419755227324,False
2022-08-12,24413.41,0.0,-1.0,3.209419755227324,False
2022-08-13,24452.44,0.0,-1.0,3.209419755227324,False
2022-08-14,24314.02,0.0,-1.0,3.209419755227324,False
2022-08-15,24103.81,0.0,-1.0,3.209419755227324,False
2022-08-16,23865.17,0.0,-1.0,3.209419755227324,False
2022-08-17,23341.6,0.0,-1.0,3.209419755227324,False
2022-08-18,23196.34,0.0,-1.0,3.209419755227324,False
2022-08-19,20836.46,0.0,-1.0,3.209419755227324,False
2022-08-20,21140.87,0.0,-1.0,3.209419755227324,False
2022-08-21,21495.97,0.0,-1.0,3.209419755227324,False
2022-08-22,21404.35,0.0,-1.0,3.209419755227324,False
2022-08-23,21523.0,0.0,-1.0,3.209419755227324,False
2022-08-24,21370.71,0.0,-1.0,3.209419755227324,False
2022-08-25,21566.32,-1.0,-1.0,3.209419755227324,False
2022-08-26,20246.01,-1.0,-1.0,3.209419755227324,False
2022-08-27,20037.31,-1.0,-1.0,3.209419755227324,False
2022-08-28,19550.11,-1.0,-1.0,3.209419755227324,False
2022-08-29,20294.27,-1.0,-1.0,3.209419755227324,False
2022-08-30,19811.34,-1.0,-1.0,3.209419755227324,False
2022-08-31,20053.81,-1.0,-1.0,3.209419755227324,False
2022-09-01,20127.44,-1.0,-1.0,3.209419755227324,False
2022-09-02,19954.25,-1.0,-1.0,3.209419755227324,False
2022-09-03,19835.94,-1.0,-1.0,3.209419755227324,False
2022-09-04,20004.08,-1.0,-1.0,3.209419755227324,False
2022-09-05,19791.58,-1.0,-1.0,3.209419755227324,False
2022-09-06,18790.61,-1.0,-1.0,3.209419755227324,False
2022-09-07,19285.24,-1.0,-1.0,3.209419755227324,False
2022-09-08,19322.2,-1.0,-1.0,3.209419755227324,False
2022-09-09,21370.03,-1.0,-1.0,3.209419755227324,False
2022-09-10,21655.74,-1.0,-1.0,3.209419755227324,False
2022-09-11,21839.13,-1.0,-1.0,3.209419755227324,False
2022-09-12,22403.06,-1.0,-1.0,3.209419755227324,False
2022-09-13,20174.25,-1.0,-1.0,3.209419755227324,False
2022-09-14,20231.86,-1.0,-1.0,3.209419755227324,False
2022-09-15,19699.88,-1.0,-1.0,3.209419755227324,False
2022-09-16,19800.14,-1.0,-1.0,3.209419755227324,False
2022-09-17,20117.0,-1.0,-1.0,3.209419755227324,False
2022-09-18,19420.94,-1.0,-1.0,3.209419755227324,False
2022-09-19,19538.12,-1.0,-1.0,3.209419755227324,False
2022-09-20,18876.62,-1.0,-1.0,3.209419755227324,False
2022-09-21,18456.46,-1.0,-1.0,3.209419755227324,False
2022-09-22,19403.42,-1.0,-1.0,3.209419755227324,False
2022-09-23,19289.97,-1.0,-1.0,3.209419755227324,False
2022-09-24,18924.36,-1.0,-1.0,3.209419755227324,False
2022-09-25,18808.52,-1.0,-1.0,3.209419755227324,False
2022-09-26,19227.65,-1.0,-1.0,3.209419755227324,False
2022-09-27,19081.15,-1.0,-1.0,3.209419755227324,False
2022-09-28,19409.26,-1.0,-1.0,3.209419755227324,False
2022-09-29,19594.92,-1.0,-1.0,3.209419755227324,False
2022-09-30,19426.02,-1.0,-1.0,3.209419755227324,False
2022-10-01,19315.3,-1.0,-1.0,3.209419755227324,False
2022-10-02,19057.33,-1.0,-1.0,3.209419755227324,False
2022-10-03,19634.52,-1.0,-1.0,3.209419755227324,False
2022-10-04,20344.04,-1.0,-1.0,3.209419755227324,False
2022-10-05,20163.1,-1.0,-1.0,3.209419755227324,False
2022-10-06,19958.59,-1.0,-1.0,3.209419755227324,False
2022-10-07,19532.76,-1.0,-1.0,3.209419755227324,False
2022-10-08,19418.17,-1.0,-1.0,3.209419755227324,False
2022-10-09,19445.94,-1.0,-1.0,3.209419755227324,False
2022-10-10,19131.94,-1.0,-1.0,3.209419755227324,False
2022-10-11,19056.5,-1.0,-1.0,3.209419755227324,False
2022-10-12,19156.58,-1.0,-1.0,3.209419755227324,False
2022-10-13,19380.96,-1.0,-1.0,3.209419755227324,False
2022-10-14,19181.61,-1.0,-1.0,3.209419755227324,False
2022-10-15,19069.45,-1.0,-1.0,3.209419755227324,False
2022-10-16,19263.43,-1.0,-1.0,3.209419755227324,False
2022-10-17,19550.45,-1.0,-1.0,3.209419755227324,False
2022-10-18,19331.81,-1.0,-1.0,3.209419755227324,False
2022-10-19,19125.59,-1.0,-1.0,3.209419755227324,False
2022-10-20,19044.25,-1.0,-1.0,3.209419755227324,False
2022-10-21,19166.92,-1.0,-1.0,3.209419755227324,False
2022-10-22,19206.4,-1.0,-1.0,3.209419755227324,False
2022-10-23,19572.38,-1.0,-1.0,3.209419755227324,False
2022-10-24,19332.21,-1.0,-1.0,3.209419755227324,False
2022-10-25,20086.89,-1.0,-1.0,3.209419755227324,False
2022-10-26,20774.74,0.0,-1.0,3.209419755227324,False
2022-10-27,20292.62,0.0,-1.0,3.209419755227324,False
2022-10-28,20599.09,0.0,-1.0,3.209419755227324,False
2022-10-29,20820.06,0.0,-1.0,3.209419755227324,False
2022-10-30,20628.62,0.0,-1.0,3.209419755227324,False
2022-10-31,20495.81,0.0,-1.0,3.209419755227324,False
2022-11-01,20480.62,-1.0,-1.0,3.209419755227324,False
2022-11-02,20153.01,-1.0,-1.0,3.209419755227324,False
2022-11-03,20206.42,0.0,-1.0,3.209419755227324,False
2022-11-04,21150.52,0.0,-1.0,3.209419755227324,False
2022-11-05,21300.78,0.0,-1.0,3.209419755227324,False
2022-11-06,20914.74,0.0,-1.0,3.209419755227324,False
2022-11-07,20570.4,-1.0,-1.0,3.209419755227324,False
2022-11-08,18547.62,-1.0,-1.0,3.209419755227324,False
2022-11-09,15878.21,-1.0,-1.0,3.209419755227324,False
2022-11-10,17557.04,-1.0,-1.0,3.209419755227324,False
2022-11-11,16992.47,-1.0,-1.0,3.209419755227324,False
2022-11-12,16777.14,-1.0,-1.0,3.209419755227324,False
2022-11-13,16309.05,-1.0,-1.0,3.209419755227324,False
2022-11-14,16590.41,-1.0,-1.0,3.209419755227324,False
2022-11-15,16873.79,-1.0,-1.0,3.209419755227324,False
2022-11-16,16647.91,-1.0,-1.0,3.209419755227324,False
2022-11-17,16677.06,-1.0,-1.0,3.209419755227324,False
2022-11-18,16681.04,-1.0,-1.0,3.209419755227324,False
2022-11-19,16685.13,-1.0,-1.0,3.209419755227324,False
2022-11-20,16255.15,-1.0,-1.0,3.209419755227324,False
2022-11-21,15760.8,-1.0,-1.0,3.209419755227324,False
2022-11-22,16195.94,-1.0,-1.0,3.209419755227324,False
2022-11-23,16597.42,-1.0,-1.0,3.209419755227324,False
2022-11-24,16587.76,-1.0,-1.0,3.209419755227324,False
2022-11-25,16507.83,-1.0,-1.0,3.209419755227324,False
2022-11-26,16452.93,-1.0,-1.0,3.209419755227324,False
2022-11-27,16423.94,-1.0,-1.0,3.209419755227324,False
2022-11-28,16209.05,-1.0,-1.0,3.209419755227324,False
2022-11-29,16433.95,-1.0,-1.0,3.209419755227324,False
2022-11-30,17167.82,-1.0,-1.0,3.209419755227324,False
2022-12-01,16977.74,-1.0,-1.0,3.209419755227324,False
2022-12-02,17094.08,-1.0,-1.0,3.209419755227324,False
2022-12-03,16894.08,-1.0,-1.0,3.209419755227324,False
2022-12-04,17113.75,-1.0,-1.0,3.209419755227324,False
2022-12-05,16966.51,-1.0,-1.0,3.209419755227324,False
2022-12-06,17088.31,-1.0,-1.0,3.209419755227324,False
2022-12-07,16838.69,-1.0,-1.0,3.209419755227324,False
2022-12-08,17229.24,-1.0,-1.0,3.209419755227324,False
2022-12-09,17130.84,-1.0,-1.0,3.209419755227324,False
2022-12-10,17130.07,-1.0,-1.0,3.209419755227324,False
2022-12-11,17089.92,-1.0,-1.0,3.209419755227324,False
2022-12-12,17210.86,-1.0,-1.0,3.209419755227324,False
2022-12-13,17772.5,-1.0,-1.0,3.209419755227324,False
2022-12-14,17804.11,-1.0,-1.0,3.209419755227324,False
2022-12-15,17360.37,-1.0,-1.0,3.209419755227324,False
2022-12-16,16633.41,-1.0,-1.0,3.209419755227324,False
2022-12-17,16786.54,-1.0,-1.0,3.209419755227324,False
2022-12-18,16745.81,-1.0,-1.0,3.209419755227324,False
2022-12-19,16440.54,-1.0,-1.0,3.209419755227324,False
2022-12-20,16902.24,-1.0,-1.0,3.209419755227324,False
2022-12-21,16825.25,-1.0,-1.0,3.209419755227324,False
2022-12-22,16819.09,-1.0,-1.0,3.209419755227324,False
2022-12-23,16779.05,-1.0,-1.0,3.209419755227324,False
2022-12-24,16840.65,-1.0,-1.0,3.209419755227324,False
2022-12-25,16828.91,-1.0,-1.0,3.209419755227324,False
2022-12-26,16914.61,-1.0,-1.0,3.209419755227324,False
2022-12-27,16697.6,-1.0,-1.0,3.209419755227324,False
2022-12-28,16538.67,-1.0,-1.0,3.209419755227324,False
2022-12-29,16629.82,-1.0,-1.0,3.209419755227324,False
2022-12-30,16597.22,-1.0,-1.0,3.209419755227324,False
2022-12-31,16528.89,-1.0,-1.0,3.209419755227324,False
2023-01-01,16613.48,-1.0,-1.0,3.209419755227324,False
2023-01-02,16668.94,-1.0,-1.0,3.209419755227324,False
2023-01-03,16670.73,-1.0,-1.0,3.209419755227324,False
2023-01-04,16849.16,-1.0,-1.0,3.209419755227324,False
2023-01-05,16825.82,-1.0,-1.0,3.209419755227324,False
2023-01-06,16950.52,-1.0,-1.0,3.209419755227324,False
2023-01-07,16944.73,-1.0,-1.0,3.209419755227324,False
2023-01-08,17124.86,0.0,-1.0,3.209419755227324,False
2023-01-09,17179.7,0.0,-1.0,3.209419755227324,False
2023-01-10,17443.89,0.0,-1.0,3.209419755227324,False
2023-01-11,17941.69,0.0,-1.0,3.209419755227324,False
2023-01-12,18852.7,0.0,-1.0,3.209419755227324,False
2023-01-13,19932.48,0.0,-1.0,3.209419755227324,False
2023-01-14,20959.43,0.0,-1.0,3.209419755227324,False
2023-01-15,20884.18,0.0,-1.0,3.209419755227324,False
2023-01-16,21189.86,1.0,1.0,3.209419755227324,True
2023-01-17,21140.12,1.0,1.0,3.2018861264716354,False
2023-01-18,20676.07,1.0,1.0,3.13160103551713,False
2023-01-19,21085.41,1.0,1.0,3.1935997406810506,False
2023-01-20,22679.14,1.0,1.0,3.434986354207447,False
2023-01-21,22785.95,1.0,1.0,3.45116381475017,False
2023-01-22,22717.7,1.0,1.0,3.440826658285037,False
2023-01-23,22921.29,1.0,1.0,3.471662433885571,False
2023-01-24,22638.0,1.0,1.0,3.4287552828964487,False
2023-01-25,23056.8,1.0,1.0,3.4921868012495287,False
2023-01-26,23011.11,1.0,1.0,3.4852665861741894,False
2023-01-27,23080.06,1.0,1.0,3.4957097647569135,False
2023-01-28,23031.1,1.0,1.0,3.488294274932255,False
2023-01-29,23750.97,1.0,1.0,3.597325906061272,False
2023-01-30,22832.84,1.0,1.0,3.458265782027094,False
2023-01-31,23132.21,1.0,1.0,3.5036084125174516,False
2023-02-01,23729.85,1.0,1.0,3.5941270673133805,False
2023-02-02,23491.99,1.0,1.0,3.5581007517559224,False
2023-02-03,23437.07,1.0,1.0,3.5497825593300596,False
2023-02-04,23332.69,1.0,1.0,3.533973146995545,False
2023-02-05,22938.34,1.0,1.0,3.4742448297497543,False
2023-02-06,22764.17,1.0,1.0,3.4478650122914063,False
2023-02-07,23250.93,1.0,1.0,3.5215897636609035,False
2023-02-08,22966.38,1.0,1.0,3.4784917728601177,False
2023-02-09,21797.75,1.0,1.0,3.3014908767451216,False
2023-02-10,21635.15,1.0,1.0,3.276863453430387,False
2023-02-11,21864.96,1.0,1.0,3.311670514635548,False
2023-02-12,21787.3,1.0,1.0,3.2999081179896543,False
2023-02-13,21789.63,1.0,1.0,3.300261020181065,False
2023-02-14,22211.03,1.0,1.0,3.3640863349709123,False
2023-02-15,24330.81,1.0,1.0,3.685148569867027,False
2023-02-16,23519.85,1.0,1.0,3.562320432036048,False
2023-02-17,24578.37,1.0,1.0,3.7226440490539625,False
2023-02-18,24638.27,1.0,1.0,3.731716513116402,False
2023-02-19,24288.51,1.0,1.0,3.678741804761164,False
2023-02-20,24841.34,1.0,1.0,3.7624735294295824,False
2023-02-21,24449.26,1.0,1.0,3.7030890267651224,False
2023-02-22,24186.54,1.0,1.0,3.6632974114314996,False
2023-02-23,23943.19,1.0,1.0,3.62643957955179,False
2023-02-24,23190.5,1.0,1.0,3.5124370257094313,False
2023-02-25,23164.72,1.0,1.0,3.5085323825787187,False
2023-02-26,23558.98,1.0,1.0,3.56824706840939,False
2023-02-27,23492.91,1.0,1.0,3.5582400951104693,False
2023-02-28,23136.03,1.0,1.0,3.5041869903591625,False
2023-03-01,23638.25,1.0,1.0,3.5802533159257437,False
2023-03-02,23467.3,1.0,1.0,3.5543612002083154,False
2023-03-03,22394.0,1.0,1.0,3.391799001907549,False
2023-03-04,22349.12,1.0,1.0,3.385001469568279,False
2023-03-05,22428.98,1.0,1.0,3.397097078583744,False
2023-03-06,22417.1,1.0,1.0,3.395297731788055,False
2023-03-07,22201.83,1.0,1.0,3.36269290142543,False
2023-03-08,21701.47,1.0,1.0,3.2869082917713053,False
2023-03-09,20346.9,1.0,1.0,3.081744892020751,False
2023-03-10,20222.68,1.0,1.0,3.0629305099533686,False
2023-03-11,20726.52,1.0,1.0,3.139242200992089,False
2023-03-12,22243.34,1.0,1.0,3.368980012998582,False
2023-03-13,24218.48,1.0,1.0,3.6681350491970135,False
2023-03-14,24758.48,1.0,1.0,3.7499235399101543,False
2023-03-15,24376.05,1.0,1.0,3.692000627866772,False
2023-03-16,25051.83,1.0,1.0,3.7943543801892283,False
2023-03-17,27454.54,1.0,1.0,4.158269240413988,False
2023-03-18,26976.15,1.0,1.0,4.085812210650545,False
2023-03-19,28051.94,1.0,1.0,4.2487515447696,False
2023-03-20,27806.91,1.0,1.0,4.211639259807672,False
2023-03-21,28190.61,1.0,1.0,4.269754526264398,False
2023-03-22,27319.63,1.0,1.0,4.137835749150821,False
2023-03-23,28342.19,1.0,1.0,4.292712858527912,False
2023-03-24,27493.31,1.0,1.0,4.164141351126855,False
2023-03-25,27492.9,1.0,1.0,4.16407925245798,False
2023-03-26,28001.0,1.0,1.0,4.241036163812326,False
2023-03-27,27140.89,1.0,1.0,4.1107637587247705,False
2023-03-28,27274.78,1.0,1.0,4.131042760616589,False
2023-03-29,28349.29,1.0,1.0,4.29378822572062,False
2023-03-30,28012.29,1.0,1.0,4.242746149108901,False
2023-03-31,28475.84,1.0,1.0,4.312955509979412,False
2023-04-01,28469.31,1.0,1.0,4.311966475082455,False
2023-04-02,28189.84,1.0,1.0,4.269637901935045,False
2023-04-03,27811.63,1.0,1.0,4.21235415180057,False
2023-04-04,28177.64,1.0,1.0,4.267790087885601,False
2023-04-05,28180.65,1.0,1.0,4.2682459829912425,False
2023-04-06,28048.62,1.0,1.0,4.248248697011879,False
2023-04-07,27928.24,1.0,1.0,4.230015921989568,False
2023-04-08,27961.12,1.0,1.0,4.23499593231299,False
2023-04-09,28336.98,1.0,1.0,4.291923751052696,False
2023-04-10,29655.48,1.0,1.0,4.491623982543948,False
2023-04-11,30232.31,1.0,1.0,4.578990751244061,False
2023-04-12,29905.89,1.0,1.0,4.529551123209647,False
2023-04-13,30407.47,1.0,1.0,4.605520514268715,False
2023-04-14,30495.03,1.0,1.0,4.618782366577682,False
2023-04-15,30324.64,1.0,1.0,4.592975068554327,False
2023-04-16,30325.58,1.0,1.0,4.593117441112236,False
2023-04-17,29450.35,1.0,1.0,4.460554958284713,False
2023-04-18,30394.56,1.0,1.0,4.6035651635,False
2023-04-19,28821.81,1.0,1.0,4.365356184297978,False
2023-04-20,28248.1,1.0,1.0,4.278461971321985,False
2023-04-21,27263.11,1.0,1.0,4.129275220456177,False
2023-04-22,27822.84,1.0,1.0,4.214052020283706,False
2023-04-23,27596.46,1.0,1.0,4.179764467454741,False
2023-04-24,27522.0,1.0,1.0,4.168486743346407,False
2023-04-25,28306.95,1.0,1.0,4.287375402208037,False
2023-04-26,28430.87,1.0,1.0,4.306144346225023,False
2023-04-27,29484.15,1.0,1.0,4.465674311962684,False
2023-04-28,29337.1,1.0,1.0,4.4434020942601515,False
2023-04-29,29250.74,1.0,1.0,4.430321994152769,False
2023-04-30,29248.47,1.0,1.0,4.429978179571438,False
2023-05-01,28084.93,1.0,1.0,4.253748215711497,False
2023-05-02,28698.86,1.0,1.0,4.346734156643939,False
2023-05-03,29044.22,1.0,1.0,4.3990424402600325,False
2023-05-04,28870.25,1.0,1.0,4.372692914835282,False
2023-05-05,29554.64,1.0,1.0,4.476350739204109,False
2023-05-06,28962.11,1.0,1.0,4.386606045866595,False
2023-05-07,28594.28,1.0,1.0,4.330894452275827,False
2023-05-08,27810.71,1.0,1.0,4.212214808446021,False
2023-05-09,27695.74,1.0,1.0,4.194801432932521,False
2023-05-10,27620.45,1.0,1.0,4.183397996884757,False
2023-05-11,26993.22,1.0,1.0,4.088397635718084,False
2023-05-12,26809.46,0.0,1.0,4.060565315248738,False
2023-05-13,26788.7,0.0,1.0,4.0574210021613215,False
2023-05-14,26930.75,0.0,1.0,4.078935919023917,False
2023-05-15,27175.18,0.0,1.0,4.115957327885052,False
2023-05-16,27041.17,0.0,1.0,4.095660150773074,False
2023-05-17,27409.77,0.0,1.0,4.151488368693191,False
2023-05-18,26829.1,0.0,1.0,4.063539992948007,False
2023-05-19,26895.42,0.0,1.0,4.073584831288925,False
2023-05-20,27116.5,0.0,1.0,4.107069645227558,False
2023-05-21,26753.31,0.0,1.0,4.052060826816251,False
2023-05-22,26858.63,0.0,1.0,4.0680126117086735,False
2023-05-23,27228.43,0.0,1.0,4.124022581830376,False
2023-05-24,26329.53,0.0,1.0,3.987875036826594,False
2023-05-25,26482.89,0.0,1.0,4.011102968189126,False
2023-05-26,26718.79,0.0,1.0,4.04683242181733,False
2023-05-27,26874.67,0.0,1.0,4.070442032803189,False
2023-05-28,28082.01,0.0,1.0,4.253305952020973,False
2023-05-29,27751.78,0.0,1.0,4.203289260746528,False
2023-05-30,27707.09,0.0,1.0,4.196520505839176,False
2023-05-31,27219.57,0.0,1.0,4.122680644742009,False
2023-06-01,26825.56,0.0,1.0,4.063003823953334,False
2023-06-02,27252.22,0.0,1.0,4.127625819226794,False
2023-06-03,27075.63,0.0,1.0,4.100879468161917,False
2023-06-04,27123.99,0.0,1.0,4.108204081885783,False
2023-06-05,25732.88,0.0,1.0,3.8975063275969735,False
2023-06-06,27238.18,0.0,1.0,4.125499318468252,False
2023-06-07,26351.68,0.0,1.0,3.9912298795475127,False
2023-06-08,26512.76,0.0,1.0,4.0156270834069066,False
2023-06-09,26488.23,0.0,1.0,4.011911765486178,False
2023-06-10,25858.78,0.0,1.0,3.9165751627465735,False
2023-06-11,25940.01,0.0,1.0,3.9288782721921818,False
2023-06-12,25912.41,0.0,1.0,3.9246979715557324,False
2023-06-13,25936.28,0.0,1.0,3.928313325765589,False
2023-06-14,25130.06,-1.0,-1.0,3.80620310913087,True
2023-06-15,25582.77,-1.0,-1.0,3.80620310913087,False
2023-06-16,26336.15,-1.0,-1.0,3.80620310913087,False
2023-06-17,26515.09,-1.0,-1.0,3.80620310913087,False
2023-06-18,26342.29,-1.0,-1.0,3.80620310913087,False
2023-06-19,26844.45,0.0,-1.0,3.80620310913087,False
2023-06-20,28317.58,0.0,-1.0,3.80620310913087,False
2023-06-21,30002.77,0.0,-1.0,3.80620310913087,False
2023-06-22,29898.58,0.0,-1.0,3.80620310913087,False
2023-06-23,30705.83,0.0,-1.0,3.80620310913087,False
2023-06-24,30548.39,0.0,-1.0,3.80620310913087,False
2023-06-25,30473.14,0.0,-1.0,3.80620310913087,False
2023-06-26,30274.34,0.0,-1.0,3.80620310913087,False
2023-06-27,30700.05,0.0,-1.0,3.80620310913087,False
2023-06-28,30083.26,0.0,-1.0,3.80620310913087,False
2023-06-29,30453.02,1.0,1.0,3.80620310913087,True
2023-06-30,30477.68,1.0,1.0,3.8092852654710674,False
2023-07-01,30594.48,1.0,1.0,3.8238836377555394,False
2023-07-02,30625.3,1.0,1.0,3.827735708250466,False
2023-07-03,31160.43,1.0,1.0,3.8946195007212685,False
2023-07-04,30776.54,1.0,1.0,3.8466386005818327,False
2023-07-05,30507.27,1.0,1.0,3.812983603107176,False
2023-07-06,29911.02,1.0,1.0,3.7384606623998415,False
2023-07-07,30352.3,1.0,1.0,3.7936145127567937,False
2023-07-08,30299.25,1.0,1.0,3.786984002057382,False
2023-07-09,30174.62,1.0,1.0,3.7714069888911683,False
2023-07-10,30423.95,1.0,1.0,3.802569764248082,False
2023-07-11,30631.36,1.0,1.0,3.8284931237987876,False
2023-07-12,30396.78,1.0,1.0,3.7991738928870444,False
2023-07-13,31482.21,1.0,1.0,3.934837516420734,False
2023-07-14,30333.56,1.0,1.0,3.791272273915946,False
2023-07-15,30299.26,1.0,1.0,3.786985251918023,False
2023-07-16,30250.49,1.0,1.0,3.7808896815728716,False
2023-07-17,30154.32,1.0,1.0,3.7688697717903565,False
2023-07-18,29868.81,1.0,1.0,3.733185000635051,False
2023-07-19,29921.83,1.0,1.0,3.73981176175254,False
2023-07-20,29813.01,1.0,1.0,3.726210778259421,False
2023-07-21,29917.77,1.0,1.0,3.739304318332378,False
2023-07-22,29792.96,1.0,1.0,3.723704807674629,False
2023-07-23,30092.75,1.0,1.0,3.7611743798249884,False
2023-07-24,29189.1,1.0,1.0,3.64823072301965,False
2023-07-25,29236.54,1.0,1.0,3.654160061899576,False
2023-07-26,29358.33,1.0,1.0,3.669382114643805,False
2023-07-27,29225.73,1.0,1.0,3.6528089625468776,False
2023-07-28,29328.09,1.0,1.0,3.665602536066044,False
2023-07-29,29369.53,1.0,1.0,3.6707819585614936,False
2023-07-30,29288.27,1.0,1.0,3.6606255909944028,False
2023-07-31,29240.57,1.0,1.0,3.6546637557378157,False
2023-08-01,29705.37,1.0,1.0,3.7127572783219147,False
2023-08-02,29169.38,1.0,1.0,3.645765997836004,False
2023-08-03,29185.84,1.0,1.0,3.6478232684507508,False
2023-08-04,29086.35,1.0,1.0,3.635388404935492,False
2023-08-05,29054.56,1.0,1.0,3.631415097958409,False
2023-08-06,29053.48,1.0,1.0,3.631280113009203,False
2023-08-07,29190.55,1.0,1.0,3.6484119528125647,False
2023-08-08,29774.15,1.0,1.0,3.7213538198092957,False
2023-08-09,29573.89,1.0,1.0,3.6963241106167573,False
2023-08-10,29433.51,1.0,1.0,3.6787785669412925,False
2023-08-11,29407.86,1.0,1.0,3.6755726743976562,False
2023-08-12,29422.34,1.0,1.0,3.677382472605526,False
2023-08-13,29289.76,1.0,1.0,3.6608118202298803,False
2023-08-14,29419.22,1.0,1.0,3.676992516085598,False
2023-08-15,29176.89,1.0,1.0,3.64670464317724,False
2023-08-16,28707.5,0.0,1.0,3.5880374345590162,False
2023-08-17,26635.04,0.0,1.0,3.329008816197049,False
2023-08-18,26053.12,0.0,1.0,3.2562769257879713,False
2023-08-19,26097.91,0.0,1.0,3.2618750515980874,False
2023-08-20,26196.16,0.0,1.0,3.274154932393887,False
2023-08-21,26129.39,0.0,1.0,3.2658096128953065,False
2023-08-22,26046.38,-1.0,-1.0,3.255434519716077,True
2023-08-23,26434.24,-1.0,-1.0,3.255434519716077,False
2023-08-24,26172.62,-1.0,-1.0,3.255434519716077,False
2023-08-25,26056.55,-1.0,-1.0,3.255434519716077,False
2023-08-26,26016.25,-1.0,-1.0,3.255434519716077,False
2023-08-27,26097.39,-1.0,-1.0,3.255434519716077,False
2023-08-28,26115.16,-1.0,-1.0,3.255434519716077,False
2023-08-29,27731.92,-1.0,-1.0,3.255434519716077,False
2023-08-30,27309.12,-1.0,-1.0,3.255434519716077,False
2023-08-31,25941.91,-1.0,-1.0,3.255434519716077,False
2023-09-01,25804.3,-1.0,-1.0,3.255434519716077,False
2023-09-02,25869.38,-1.0,-1.0,3.255434519716077,False
2023-09-03,25972.31,-1.0,-1.0,3.255434519716077,False
2023-09-04,25816.11,-1.0,-1.0,3.255434519716077,False
2023-09-05,25787.15,-1.0,-1.0,3.255434519716077,False
2023-09-06,25760.61,-1.0,-1.0,3.255434519716077,False
2023-09-07,26256.68,-1.0,-1.0,3.255434519716077,False
2023-09-08,25909.39,-1.0,-1.0,3.255434519716077,False
2023-09-09,25899.53,-1.0,-1.0,3.255434519716077,False
2023-09-10,25839.44,-1.0,-1.0,3.255434519716077,False
2023-09-11,25163.39,-1.0,-1.0,3.255434519716077,False
2023-09-12,25842.0,-1.0,-1.0,3.255434519716077,False
2023-09-13,26230.44,-1.0,-1.0,3.255434519716077,False
2023-09-14,26535.32,-1.0,-1.0,3.255434519716077,False
2023-09-15,26611.11,-1.0,-1.0,3.255434519716077,False
2023-09-16,26571.3,-1.0,-1.0,3.255434519716077,False
2023-09-17,26538.19,-1.0,-1.0,3.255434519716077,False
2023-09-18,26770.2,-1.0,-1.0,3.255434519716077,False
2023-09-19,27225.68,-1.0,-1.0,3.255434519716077,False
2023-09-20,27132.76,-1.0,-1.0,3.255434519716077,False
2023-09-21,26572.29,-1.0,-1.0,3.255434519716077,False
2023-09-22,26587.3,-1.0,-1.0,3.255434519716077,False
2023-09-23,26588.1,-1.0,-1.0,3.255434519716077,False
2023-09-24,26262.39,-1.0,-1.0,3.255434519716077,False
2023-09-25,26303.22,-1.0,-1.0,3.255434519716077,False
2023-09-26,26218.84,-1.0,-1.0,3.255434519716077,False
2023-09-27,26367.38,-1.0,-1.0,3.255434519716077,False
2023-09-28,27031.49,-1.0,-1.0,3.255434519716077,False
2023-09-29,26916.78,-1.0,-1.0,3.255434519716077,False
2023-09-30,26969.98,-1.0,-1.0,3.255434519716077,False
2023-10-01,27995.39,-1.0,-1.0,3.255434519716077,False
2023-10-02,27510.99,-1.0,-1.0,3.255434519716077,False
2023-10-03,27430.79,-1.0,-1.0,3.255434519716077,False
2023-10-04,27797.44,-1.0,-1.0,3.255434519716077,False
2023-10-05,27415.44,-1.0,-1.0,3.255434519716077,False
2023-10-06,27945.74,-1.0,-1.0,3.255434519716077,False
2023-10-07,27971.96,-1.0,-1.0,3.255434519716077,False
2023-10-08,27932.56,-1.0,-1.0,3.255434519716077,False
2023-10-09,27598.69,-1.0,-1.0,3.255434519716077,False
2023-10-10,27399.9,-1.0,-1.0,3.255434519716077,False
2023-10-11,26876.35,-1.0,-1.0,3.255434519716077,False
2023-10-12,26765.6,-1.0,-1.0,3.255434519716077,False
2023-10-13,26868.36,-1.0,-1.0,3.255434519716077,False
2023-10-14,26858.75,-1.0,-1.0,3.255434519716077,False
2023-10-15,27174.56,0.0,-1.0,3.255434519716077,False
2023-10-16,28519.76,0.0,-1.0,3.255434519716077,False
2023-10-17,28410.66,0.0,-1.0,3.255434519716077,False
2023-10-18,28330.4,0.0,-1.0,3.255434519716077,False
2023-10-19,28736.56,0.0,-1.0,3.255434519716077,False
2023-10-20,29685.66,0.0,-1.0,3.255434519716077,False
2023-10-21,29923.51,0.0,-1.0,3.255434519716077,False
2023-10-22,30004.11,0.0,-1.0,3.255434519716077,False
2023-10-23,33082.5,1.0,1.0,3.255434519716077,True
2023-10-24,33927.73,1.0,1.0,3.3386081286966447,False
2023-10-25,34499.56,1.0,1.0,3.39487821473637,False
2023-10-26,34164.73,1.0,1.0,3.3619297634332184,False
2023-10-27,33915.05,1.0,1.0,3.337360372036476,False
2023-10-28,34093.13,1.0,1.0,3.3548840712511976,False
2023-10-29,34538.5,1.0,1.0,3.3987100478867593,False
2023-10-30,34496.72,1.0,1.0,3.3945987487336198,False
2023-10-31,34660.4,1.0,1.0,3.41070543723017,False
2023-11-01,35442.2,1.0,1.0,3.4876373108042356,False
2023-11-02,34939.68,1.0,1.0,3.4381875728809312,False
2023-11-03,34737.62,1.0,1.0,3.4183041572063653,False
2023-11-04,35091.58,1.0,1.0,3.4531350678872,False
2023-11-05,35051.1,1.0,1.0,3.4491516933127837,False
2023-11-06,35045.77,1.0,1.0,3.448627202540016,False
2023-11-07,35433.57,1.0,1.0,3.4867880884085536,False
2023-11-08,35633.63,1.0,1.0,3.506474697038929,False
2023-11-09,36698.15,1.0,1.0,3.611227214379764,False
2023-11-10,37314.13,1.0,1.0,3.6718418159199953,False
2023-11-11,37142.98,1.0,1.0,3.655000053113394,False
2023-11-12,37067.98,1.0,1.0,3.6476197889562503,False
2023-11-13,36489.44,1.0,1.0,3.590689415283265,False
2023-11-14,35551.12,1.0,1.0,3.498355422430851,False
2023-11-15,37881.01,1.0,1.0,3.7276248045253504,False
2023-11-16,36161.56,1.0,1.0,3.558424868458674,False
2023-11-17,36627.85,1.0,1.0,3.604309446776467,False
2023-11-18,36588.0,1.0,1.0,3.6003880664209715,False
2023-11-19,37390.02,1.0,1.0,3.679309659211803,False
2023-11-20,37471.79,1.0,1.0,3.687356115213532,False
2023-11-21,35760.5,1.0,1.0,3.5189591518871532,False
2023-11-22,37420.85,1.0,1.0,3.6823434397979997,False
2023-11-23,37296.49,1.0,1.0,3.6701059777902345,False
2023-11-24,37726.56,1.0,1.0,3.7124263805377384,False
2023-11-25,37799.05,1.0,1.0,3.7195596518544236,False
2023-11-26,37458.92,1.0,1.0,3.686089661884166,False
2023-11-27,37249.68,1.0,1.0,3.6654997089209562,False
2023-11-28,37831.24,1.0,1.0,3.722727261230669,False
2023-11-29,37857.71,1.0,1.0,3.7253320024605303,False
2023-11-30,37723.24,1.0,1.0,3.712099680844382,False
2023-12-01,38694.14,1.0,1.0,3.8076396604466596,False
2023-12-02,39467.01,1.0,1.0,3.883692790568415,False
2023-12-03,39972.23,1.0,1.0,3.9334082180013765,False
2023-12-04,41974.74,1.0,1.0,4.130462255032333,False
2023-12-05,44088.05,1.0,1.0,4.338419402311444,False
2023-12-06,43775.94,1.0,1.0,4.307706679030296,False
2023-12-07,43288.41,1.0,1.0,4.259732009903199,False
2023-12-08,44184.59,1.0,1.0,4.347919278334519,False
2023-12-09,43723.46,1.0,1.0,4.302542462190737,False
2023-12-10,43794.17,1.0,1.0,4.309500575238092,False
2023-12-11,41248.85,1.0,1.0,4.059032122378612,False
2023-12-12,41476.57,1.0,1.0,4.081440572430143,False
2023-12-13,42888.41,1.0,1.0,4.2203706010651,False
2023-12-14,43034.72,1.0,1.0,4.234768020382856,False
2023-12-15,41944.05,1.0,1.0,4.127442250939231,False
2023-12-16,42260.7,1.0,1.0,4.158601726210691,False
2023-12-17,41362.47,1.0,1.0,4.070212730559076,False
2023-12-18,42654.53,1.0,1.0,4.197355985317464,False
2023-12-19,42276.81,1.0,1.0,4.160187006951647,False
2023-12-20,43664.69,1.0,1.0,4.296759287197202,False
2023-12-21,43876.91,1.0,1.0,4.317642482656256,False
2023-12-22,44012.68,1.0,1.0,4.331002728851128,False
2023-12-23,43752.61,1.0,1.0,4.3054109248598165,False
2023-12-24,43028.98,1.0,1.0,4.234203184166032,False
2023-12-25,43606.44,1.0,1.0,4.291027282035154,False
2023-12-26,42528.16,1.0,1.0,4.184920732230289,False
2023-12-27,43473.63,1.0,1.0,4.277958310265683,False
2023-12-28,42599.41,1.0,1.0,4.191931983179575,False
2023-12-29,42093.09,1.0,1.0,4.142108311872309,False
2023-12-30,42159.51,1.0,1.0,4.148644273809875,False
2023-12-31,42278.29,1.0,1.0,4.160332644164349,False
2024-01-01,44190.9,1.0,1.0,4.348540204558943,False
2024-01-02,44977.2,1.0,1.0,4.425914893982437,False
2024-01-03,42861.49,1.0,1.0,4.2177215782502975,False
2024-01-04,44203.8,1.0,1.0,4.349809609993971,False
2024-01-05,44185.37,1.0,1.0,4.347996033081756,False
2024-01-06,43992.36,1.0,1.0,4.329003169282152,False
2024-01-07,43942.3,1.0,1.0,4.324077088966064,False
2024-01-08,46981.38,1.0,1.0,4.6231332648952925,False
2024-01-09,46122.45,1.0,1.0,4.53861152766202,False
2024-01-10,46666.23,1.0,1.0,4.592121394906975,False
2024-01-11,46346.52,1.0,1.0,4.5606608048579025,False
2024-01-12,42790.03,1.0,1.0,4.210689662561371,False
2024-01-13,42839.31,1.0,1.0,4.215538988130224,False
2024-01-14,41715.61,1.0,1.0,4.104962950351793,False
2024-01-15,42502.39,1.0,1.0,4.182384873465892,False
2024-01-16,43139.79,1.0,1.0,4.245107278449404,False
2024-01-17,42750.82,1.0,1.0,4.206831260460015,False
2024-01-18,41294.55,1.0,1.0,4.063529163338367,False
2024-01-19,41644.74,1.0,1.0,4.097989092740902,False
2024-01-20,41691.92,1.0,1.0,4.102631770913356,False
2024-01-21,41586.94,0.0,1.0,4.092301369163797,False
2024-01-22,39540.57,0.0,1.0,3.8909313536537424,False
2024-01-23,39882.07,0.0,1.0,3.92453615644927,False
2024-01-24,40090.15,0.0,1.0,3.945011961326849,False
2024-01-25,39945.87,1.0,1.0,3.9308143011589465,False
2024-01-26,41817.0,1.0,1.0,4.1149400834570296,False
2024-01-27,42126.46,1.0,1.0,4.145392037404625,False
2024-01-28,42032.37,1.0,1.0,4.136133250010684,False
2024-01-29,43297.42,1.0,1.0,4.260618625637279,False
2024-01-30,42950.2,1.0,1.0,4.226450954695366,False
2024-01-31,42562.95,1.0,1.0,4.1883441907639805,False
2024-02-01,43078.25,1.0,1.0,4.239051525699662,False
2024-02-02,43187.89,0.0,1.0,4.249840487862185,False
2024-02-03,42997.87,0.0,1.0,4.231141850593646,False
2024-02-04,42578.24,0.0,1.0,4.189848780616817,False
2024-02-05,42668.42,0.0,1.0,4.198722810239366,False
2024-02-06,43093.45,1.0,1.0,4.24054725923551,False
2024-02-07,44337.8,1.0,1.0,4.362995681954733,False
2024-02-08,45303.45,1.0,1.0,4.45801904306601,False
2024-02-09,47149.6,1.0,1.0,4.639686705382154,False
2024-02-10,47776.32,1.0,1.0,4.701358160749688,False
2024-02-11,48311.33,1.0,1.0,4.754005029105868,False
2024-02-12,49942.38,1.0,1.0,4.914506093819323,False
2024-02-13,49744.44,1.0,1.0,4.89502810065579,False
2024-02-14,51829.17,1.0,1.0,5.100172875273419,False
2024-02-15,51929.1,1.0,1.0,5.1100063392363975,False
2024-02-16,52160.74,1.0,1.0,5.13280053109454,False
2024-02-17,51666.81,1.0,1.0,5.084196079426034,False
2024-02-18,52127.48,1.0,1.0,5.129527629949653,False
2024-02-19,51769.54,1.0,1.0,5.094305073250879,False
2024-02-20,52247.41,1.0,1.0,5.141329164354535,False
2024-02-21,51855.14,1.0,1.0,5.102728414742232,False
2024-02-22,51272.95,1.0,1.0,5.045438868213599,False
2024-02-23,50741.61,1.0,1.0,4.99315314078351,False
2024-02-24,51579.29,1.0,1.0,5.075583803172258,False
2024-02-25,51725.45,1.0,1.0,5.0899664619617,False
2024-02-26,54496.22,1.0,1.0,5.362619988877554,False
2024-02-27,57054.17,1.0,1.0,5.614331278221096,False
2024-02-28,62472.68,1.0,1.0,6.147531746729424,False
2024-02-29,61165.98,1.0,1.0,6.018947864407562,False
2024-03-01,62415.76,1.0,1.0,6.141930618251763,False
2024-03-02,62020.87,1.0,1.0,6.10307205141157,False
2024-03-03,63148.92,1.0,1.0,6.2140761445111155,False
2024-03-04,68285.06,1.0,1.0,6.719490410485408,False
2024-03-05,63792.77,1.0,1.0,6.277433252212141,False
2024-03-06,66103.55,1.0,1.0,6.504822142999402,False
2024-03-07,66885.68,1.0,1.0,6.581786489735759,False
2024-03-08,68227.79,1.0,1.0,6.713854840775014,False
2024-03-09,68401.77,1.0,1.0,6.7309750855491455,False
2024-03-10,69012.3,1.0,1.0,6.791053387893958,False
2024-03-11,72066.5,1.0,1.0,7.091597425077268,False
2024-03-12,71413.66,1.0,1.0,7.027355669712605,False
2024-03-13,73084.11,1.0,1.0,7.191733833196614,False
2024-03-14,71364.95,1.0,1.0,7.022562434151346,False
2024-03-15,69507.92,1.0,1.0,6.839824141514805,False
2024-03-16,65263.96,1.0,1.0,6.422203529883452,False
2024-03-17,68376.06,1.0,1.0,6.728445130996076,False
2024-03-18,67608.76,1.0,1.0,6.652940108492391,False
2024-03-19,61935.42,1.0,1.0,6.094663470448531,False
2024-03-20,67877.2,1.0,1.0,6.679355549963641,False
2024-03-21,65511.65,1.0,1.0,6.4465770982712245,False
2024-03-22,63814.92,1.0,1.0,6.279612890226552,False
2024-03-23,64017.09,1.0,1.0,6.299507130288549,False
2024-03-24,67216.71,1.0,1.0,6.614361007654952,False
2024-03-25,69890.57,1.0,1.0,6.877478249244556,False
2024-03-26,69993.63,1.0,1.0,6.887619716231693,False
2024-03-27,69440.32,1.0,1.0,6.833172063421171,False
2024-03-28,70780.6,1.0,1.0,6.965060336014991,False
2024-03-29,69896.46,1.0,1.0,6.878057845989698,False
2024-03-30,69640.22,1.0,1.0,6.852842927488011,False
2024-03-31,71320.68,1.0,1.0,7.018206110228192,False
2024-04-01,69688.23,1.0,1.0,6.857567280583803,False
2024-04-02,65471.44,1.0,1.0,6.442620292647778,False
2024-04-03,65983.36,1.0,1.0,6.492995023678779,False
2024-04-04,68523.16,1.0,1.0,6.742920289096293,False
2024-04-05,67847.25,1.0,1.0,6.6764083644768935,False
2024-04-06,68906.37,1.0,1.0,6.780629502798413,False
2024-04-07,69359.11,1.0,1.0,6.825180713391816,False
2024-04-08,71640.13,1.0,1.0,7.0496411153615215,False
2024-04-09,69144.23,1.0,1.0,6.804035764563988,False
2024-04-10,70641.06,1.0,1.0,6.95132910854182,False
2024-04-11,70046.53,1.0,1.0,6.892825262550532,False
2024-04-12,67141.2,1.0,1.0,6.606930557701541,False
2024-04-13,64031.79,1.0,1.0,6.300953662063353,False
2024-04-14,65754.76,1.0,1.0,6.470499978527804,False
2024-04-15,63446.65,1.0,1.0,6.243373825144539,False
2024-04-16,63837.89,1.0,1.0,6.281873219129084,False
2024-04-17,61304.19,1.0,1.0,6.032548215196352,False
2024-04-18,63516.74,1.0,1.0,6.250270928008195,False
2024-04-19,63846.37,1.0,1.0,6.282707680996453,False
2024-04-20,64999.39,1.0,1.0,6.396168910042718,False
2024-04-21,64966.88,1.0,1.0,6.392969811539401,False
2024-04-22,66859.89,1.0,1.0,6.5792486629009295,False
2024-04-23,66428.24,1.0,1.0,6.536772782588516,False
2024-04-24,64287.77,1.0,1.0,6.326142995649297,False
2024-04-25,64505.39,1.0,1.0,6.347557570127665,False
2024-04-26,63778.3,0.0,1.0,6.276009353247431,False
2024-04-27,63462.5,0.0,1.0,6.2449335209697505,False
2024-04-28,63134.46,0.0,1.0,6.212653229581625,False
2024-04-29,63864.74,0.0,1.0,6.284515353697344,False
2024-04-30,60675.03,0.0,1.0,5.970636655234907,False
2024-05-01,58308.7,0.0,1.0,5.737781448795256,False
2024-05-02,59122.5,0.0,1.0,5.817862235076371,False
2024-05-03,62932.96,0.0,1.0,6.192824919879434,False
2024-05-04,63920.05,0.0,1.0,6.289958052504434,False
2024-05-05,64072.99,0.0,1.0,6.305007887173682,False
2024-05-06,63191.99,0.0,1.0,6.218314384207767,False
2024-05-07,62348.69,0.0,1.0,6.1353306940248435,False
2024-05-08,61210.41,0.0,1.0,6.023319932894263,False
2024-05-09,63102.37,0.0,1.0,6.209495460557591,False
2024-05-10,60795.52,0.0,1.0,5.982493295612165,False
2024-05-11,60841.16,0.0,1.0,5.986984432360592,False
2024-05-12,61492.91,0.0,1.0,6.051118927886171,False
2024-05-13,62949.09,0.0,1.0,6.194412168690831,False
2024-05-14,61579.86,1.0,1.0,6.059675114132353,False
2024-05-15,66259.92,1.0,1.0,6.520209501749444,False
2024-05-16,65261.65,1.0,1.0,6.42197621774742,False
2024-05-17,67081.21,1.0,1.0,6.6010273304110525,False
2024-05-18,66942.22,1.0,1.0,6.587350224875033,False
2024-05-19,66284.51,1.0,1.0,6.522629244357766,False
2024-05-20,71417.32,1.0,1.0,7.027715826603484,False
2024-05-21,70142.99,1.0,1.0,6.9023172662918455,False
2024-05-22,69140.73,1.0,1.0,6.80369135223666,False
2024-05-23,67971.06,1.0,1.0,6.688591704547511,False
2024-05-24,68559.73,1.0,1.0,6.746518905899321,False
2024-05-25,69296.34,1.0,1.0,6.819003924309902,False
2024-05-26,68506.03,1.0,1.0,6.7412346367628055,False
2024-05-27,69407.63,1.0,1.0,6.829955252283883,False
2024-05-28,68351.97,1.0,1.0,6.726074590148812,False
2024-05-29,67607.21,1.0,1.0,6.652787583033155,False
2024-05-30,68363.65,1.0,1.0,6.727223943286884,False
2024-05-31,67507.38,1.0,1.0,6.642963959422386,False
2024-06-01,67729.62,1.0,1.0,6.664833158172833,False
2024-06-02,67758.16,1.0,1.0,6.667641594693431,False
2024-06-03,68812.75,1.0,1.0,6.77141696505986,False
2024-06-04,70567.23,1.0,1.0,6.944063976505532,False
2024-06-05,71111.18,1.0,1.0,6.997590572349243,False
2024-06-06,70784.19,1.0,1.0,6.965413604659319,False
2024-06-07,69340.38,1.0,1.0,6.823337615422977,False
2024-06-08,69309.89,1.0,1.0,6.820337292034292,False
2024-06-09,69643.44,1.0,1.0,6.853159786829163,False
2024-06-10,69512.71,1.0,1.0,6.840295494385652,False
2024-06-11,67325.53,1.0,1.0,6.625069278929364,False
2024-06-12,68247.83,1.0,1.0,6.715826847357813,False
2024-06-13,66751.09,1.0,1.0,6.568542359696969,False
2024-06-14,66007.62,1.0,1.0,6.4953822931248135,False
2024-06-15,66200.27,1.0,1.0,6.514339731656464,False
2024-06-16,66640.79,1.0,1.0,6.557688451209862,False
2024-06-17,66503.35,1.0,1.0,6.544163871133093,False
2024-06-18,65180.13,1.0,1.0,6.4139543626262165,False
2024-06-19,64977.45,1.0,1.0,6.394009936767952,False
2024-06-20,64881.55,1.0,1.0,6.384573038999018,False
2024-06-21,64136.8,1.0,1.0,6.31128701591858,False
2024-06-22,64272.75,1.0,1.0,6.32466497474743,False
2024-06-23,63198.38,0.0,1.0,6.218943182713956,False
2024-06-24,60296.0,0.0,1.0,5.9333387682551475,False
2024-06-25,61812.68,0.0,1.0,6.08258542214657,False
2024-06-26,60840.45,0.0,1.0,5.986914565859905,False
2024-06-27,61669.87,0.0,1.0,6.068532415156147,False
2024-06-28,60373.74,0.0,1.0,5.940988658062832,False
2024-06-29,60927.92,-1.0,-1.0,5.995521921937576,True
2024-06-30,62722.89,-1.0,-1.0,5.995521921937576,False
2024-07-01,62867.66,-1.0,-1.0,5.995521921937576,False
2024-07-02,62078.03,-1.0,-1.0,5.995521921937576,False
2024-07-03,60182.9,-1.0,-1.0,5.995521921937576,False
2024-07-04,57056.56,-1.0,-1.0,5.995521921937576,False
2024-07-05,56670.13,-1.0,-1.0,5.995521921937576,False
2024-07-06,58264.16,-1.0,-1.0,5.995521921937576,False
2024-07-07,55891.87,-1.0,-1.0,5.995521921937576,False
2024-07-08,56745.43,-1.0,-1.0,5.995521921937576,False
2024-07-09,58071.87,-1.0,-1.0,5.995521921937576,False
2024-07-10,57774.17,-1.0,-1.0,5.995521921937576,False
2024-07-11,57374.19,-1.0,-1.0,5.995521921937576,False
2024-07-12,57940.86,-1.0,-1.0,5.995521921937576,False
2024-07-13,59263.85,-1.0,-1.0,5.995521921937576,False
2024-07-14,60846.86,-1.0,-1.0,5.995521921937576,False
2024-07-15,64793.09,-1.0,-1.0,5.995521921937576,False
2024-07-16,65111.67,-1.0,-1.0,5.995521921937576,False
2024-07-17,64125.2,-1.0,-1.0,5.995521921937576,False
2024-07-18,63988.89,-1.0,-1.0,5.995521921937576,False
2024-07-19,66727.63,0.0,-1.0,5.995521921937576,False
2024-07-20,67180.98,0.0,-1.0,5.995521921937576,False
2024-07-21,68185.35,0.0,-1.0,5.995521921937576,False
2024-07-22,67603.33,0.0,-1.0,5.995521921937576,False
2024-07-23,65971.26,-1.0,-1.0,5.995521921937576,False
2024-07-24,65397.85,-1.0,-1.0,5.995521921937576,False
2024-07-25,65808.95,0.0,-1.0,5.995521921937576,False
2024-07-26,67955.2,0.0,-1.0,5.995521921937576,False
2024-07-27,67928.8,0.0,-1.0,5.995521921937576,False
2024-07-28,68294.33,0.0,-1.0,5.995521921937576,False
2024-07-29,66809.94,0.0,-1.0,5.995521921937576,False
2024-07-30,66216.2,0.0,-1.0,5.995521921937576,False
2024-07-31,64645.93,-1.0,-1.0,5.995521921937576,False
2024-08-01,65336.55,-1.0,-1.0,5.995521921937576,False
2024-08-02,61444.49,-1.0,-1.0,5.995521921937576,False
2024-08-03,60715.11,-1.0,-1.0,5.995521921937576,False
2024-08-04,58148.99,-1.0,-1.0,5.995521921937576,False
2024-08-05,54051.91,-1.0,-1.0,5.995521921937576,False
2024-08-06,56092.02,-1.0,-1.0,5.995521921937576,False
2024-08-07,55138.53,-1.0,-1.0,5.995521921937576,False
2024-08-08,61727.57,-1.0,-1.0,5.995521921937576,False
2024-08-09,60881.01,-1.0,-1.0,5.995521921937576,False
2024-08-10,60964.18,-1.0,-1.0,5.995521921937576,False
2024-08-11,58745.55,-1.0,-1.0,5.995521921937576,False
2024-08-12,59380.17,-1.0,-1.0,5.995521921937576,False
2024-08-13,60622.3,-1.0,-1.0,5.995521921937576,False
2024-08-14,58714.56,-1.0,-1.0,5.995521921937576,False
2024-08-15,57562.38,-1.0,-1.0,5.995521921937576,False
2024-08-16,58916.6,-1.0,-1.0,5.995521921937576,False
2024-08-17,59511.7,-1.0,-1.0,5.995521921937576,False
2024-08-18,58469.35,-1.0,-1.0,5.995521921937576,False
2024-08-19,59507.84,-1.0,-1.0,5.995521921937576,False
2024-08-20,59056.22,-1.0,-1.0,5.995521921937576,False
2024-08-21,61188.5,-1.0,-1.0,5.995521921937576,False
2024-08-22,60410.1,0.0,-1.0,5.995521921937576,False
2024-08-23,64102.53,0.0,-1.0,5.995521921937576,False
2024-08-24,64189.91,0.0,-1.0,5.995521921937576,False
2024-08-25,64290.76,0.0,-1.0,5.995521921937576,False
2024-08-26,62878.18,-1.0,-1.0,5.995521921937576,False
2024-08-27,59467.41,-1.0,-1.0,5.995521921937576,False
2024-08-28,59065.12,-1.0,-1.0,5.995521921937576,False
2024-08-29,59406.74,-1.0,-1.0,5.995521921937576,False
2024-08-30,59157.69,-1.0,-1.0,5.995521921937576,False
2024-08-31,59015.67,-1.0,-1.0,5.995521921937576,False
2024-09-01,57349.8,-1.0,-1.0,5.995521921937576,False
2024-09-02,59177.36,-1.0,-1.0,5.995521921937576,False
2024-09-03,57534.86,-1.0,-1.0,5.995521921937576,False
2024-09-04,58003.25,-1.0,-1.0,5.995521921937576,False
2024-09-05,56200.43,-1.0,-1.0,5.995521921937576,False
2024-09-06,53997.33,-1.0,-1.0,5.995521921937576,False
2024-09-07,54189.68,-1.0,-1.0,5.995521921937576,False
2024-09-08,54903.73,-1.0,-1.0,5.995521921937576,False
2024-09-09,57071.4,-1.0,-1.0,5.995521921937576,False
2024-09-10,57673.15,-1.0,-1.0,5.995521921937576,False
2024-09-11,57374.1,-1.0,-1.0,5.995521921937576,False
2024-09-12,58174.16,-1.0,-1.0,5.995521921937576,False
2024-09-13,60578.59,-1.0,-1.0,5.995521921937576,False
2024-09-14,60040.86,-1.0,-1.0,5.995521921937576,False
2024-09-15,59170.86,-1.0,-1.0,5.995521921937576,False
2024-09-16,58239.99,-1.0,-1.0,5.995521921937576,False
2024-09-17,60345.2,-1.0,-1.0,5.995521921937576,False
2024-09-18,61789.22,-1.0,-1.0,5.995521921937576,False
2024-09-19,62963.56,0.0,-1.0,5.995521921937576,False
2024-09-20,63209.22,0.0,-1.0,5.995521921937576,False
2024-09-21,63379.46,0.0,-1.0,5.995521921937576,False
2024-09-22,63604.72,0.0,-1.0,5.995521921937576,False
2024-09-23,63363.07,0.0,-1.0,5.995521921937576,False
2024-09-24,64296.43,0.0,-1.0,5.995521921937576,False
2024-09-25,63170.27,0.0,-1.0,5.995521921937576,False
2024-09-26,65210.68,0.0,-1.0,5.995521921937576,False
2024-09-27,65821.73,0.0,-1.0,5.995521921937576,False
2024-09-28,65906.85,0.0,-1.0,5.995521921937576,False
2024-09-29,65643.25,0.0,-1.0,5.995521921937576,False
2024-09-30,63352.44,0.0,-1.0,5.995521921937576,False
2024-10-01,60844.28,0.0,-1.0,5.995521921937576,False
2024-10-02,60672.17,0.0,-1.0,5.995521921937576,False
2024-10-03,60780.4,0.0,-1.0,5.995521921937576,False
2024-10-04,62114.43,0.0,-1.0,5.995521921937576,False
2024-10-05,62075.32,0.0,-1.0,5.995521921937576,False
2024-10-06,62832.04,0.0,-1.0,5.995521921937576,False
2024-10-07,62225.97,0.0,-1.0,5.995521921937576,False
2024-10-08,62150.73,0.0,-1.0,5.995521921937576,False
2024-10-09,60592.07,0.0,-1.0,5.995521921937576,False
2024-10-10,60293.51,0.0,-1.0,5.995521921937576,False
2024-10-11,62513.56,0.0,-1.0,5.995521921937576,False
2024-10-12,63225.12,0.0,-1.0,5.995521921937576,False
2024-10-13,62878.8,0.0,-1.0,5.995521921937576,False
2024-10-14,66085.04,0.0,-1.0,5.995521921937576,False
2024-10-15,67075.27,0.0,-1.0,5.995521921937576,False
2024-10-16,67618.58,0.0,-1.0,5.995521921937576,False
2024-10-17,67414.03,0.0,-1.0,5.995521921937576,False
2024-10-18,68413.6,1.0,1.0,5.995521921937576,True
2024-10-19,68364.41,1.0,1.0,5.991211087200914,False
2024-10-20,69020.34,1.0,1.0,6.048694433995359,False
2024-10-21,67374.06,1.0,1.0,5.9044203740182875,False
2024-10-22,67388.67,1.0,1.0,5.905700741887826,False
2024-10-23,66632.63,1.0,1.0,5.839444114640296,False
2024-10-24,68167.49,1.0,1.0,5.973953726429547,False
2024-10-25,66620.83,1.0,1.0,5.838410005067361,False
2024-10-26,67030.64,1.0,1.0,5.874324279989734,False
2024-10-27,67964.35,1.0,1.0,5.956151267222277,False
2024-10-28,69935.85,1.0,1.0,6.128926438666259,False
2024-10-29,72700.59,1.0,1.0,6.371218311604647,False
2024-10-30,72359.0,1.0,1.0,6.341282592196304,False
2024-10-31,70244.48,1.0,1.0,6.155973662182747,False
2024-11-01,69509.1,1.0,1.0,6.091527603051896,False
2024-11-02,69327.49,1.0,1.0,6.075611955633208,False
2024-11-03,68757.97,1.0,1.0,6.02570127055039,False
2024-11-04,67816.69,1.0,1.0,5.943210875735888,False
2024-11-05,69399.86,1.0,1.0,6.0819542022258535,False
2024-11-06,75626.39,1.0,1.0,6.627624903849536,False
2024-11-07,75913.55,1.0,1.0,6.6527905737617115,False
2024-11-08,76543.53,1.0,1.0,6.707999755859747,False
2024-11-09,76717.34,1.0,1.0,6.723231839323444,False
2024-11-10,80410.55,1.0,1.0,7.046891484734869,False
2024-11-11,88711.08,1.0,1.0,7.774320089262338,False
2024-11-12,88021.43,1.0,1.0,7.7138816429086265,False
2024-11-13,90489.68,1.0,1.0,7.930190198280985,False
2024-11-14,87326.4,1.0,1.0,7.652971712698781,False
2024-11-15,91053.34,1.0,1.0,7.979587334033516,False
2024-11-16,90588.34,1.0,1.0,7.938836405947566,False
2024-11-17,89860.17,1.0,1.0,7.875022205293057,False
2024-11-18,90518.8,1.0,1.0,7.932742170379615,False
2024-11-19,92370.75,1.0,1.0,8.095040409667304,False
2024-11-20,94343.41,1.0,1.0,8.26791723934049,False
2024-11-21,98422.77,1.0,1.0,8.62541768234415,False
2024-11-22,98931.26,1.0,1.0,8.669979917661191,False
2024-11-23,97712.72,1.0,1.0,8.563191453338925,False
2024-11-24,97964.32,1.0,1.0,8.58524077270758,False
2024-11-25,93048.75,1.0,1.0,8.154457891908752,False
2024-11-26,91968.26,1.0,1.0,8.059767633225766,False
2024-11-27,95958.77,1.0,1.0,8.409481581690855,False
2024-11-28,95681.33,1.0,1.0,8.385167737630283,False
2024-11-29,97515.07,1.0,1.0,8.545870117992285,False
2024-11-30,96466.91,1.0,1.0,8.454013144266328,False
2024-12-01,97290.95,1.0,1.0,8.526229047018901,False
2024-12-02,95871.8,1.0,1.0,8.401859843592716,False
2024-12-03,95953.01,1.0,1.0,8.408976796001015,False
2024-12-04,98743.34,1.0,1.0,8.653511284530198,False
2024-12-05,97011.13,1.0,1.0,8.501706628315652,False
2024-12-06,99862.81,1.0,1.0,8.751617610260045,False
2024-12-07,99923.56,1.0,1.0,8.756941521832564,False
2024-12-08,101197.25,1.0,1.0,8.86856313386223,False
2024-12-09,97400.68,1.0,1.0,8.53584538968314,False
2024-12-10,96653.47,1.0,1.0,8.47036259188722,False
2024-12-11,101167.53,1.0,1.0,8.865958579920909,False
2024-12-12,100039.64,1.0,1.0,8.76711435566529,False
2024-12-13,101429.21,1.0,1.0,8.888891274246784,False
2024-12-14,101375.52,1.0,1.0,8.884186075689936,False
2024-12-15,104392.49,1.0,1.0,9.148582478931806,False
2024-12-16,106027.5,1.0,1.0,9.291868876630321,False
2024-12-17,106123.97,1.0,1.0,9.300323160571079,False
2024-12-18,100144.96,1.0,1.0,8.77634422178575,False
2024-12-19,97415.15,1.0,1.0,8.537113488456054,False
2024-12-20,97793.95,1.0,1.0,8.57031015847532,False
2024-12-21,97240.67,1.0,1.0,8.521822688601352,False
2024-12-22,95122.16,1.0,1.0,8.336164089333897,False
2024-12-23,94782.99,1.0,1.0,8.30644045002441,False
2024-12-24,98641.92,1.0,1.0,8.644623200387239,False
2024-12-25,99362.77,1.0,1.0,8.70779590256091,False
2024-12-26,95720.87,1.0,1.0,8.388632881063657,False
2024-12-27,94226.95,1.0,1.0,8.25771110367406,False
2024-12-28,95251.73,1.0,1.0,8.347519138263136,False
2024-12-29,93653.84,1.0,1.0,8.207485803899138,False
2024-12-30,92710.5,1.0,1.0,8.124814878091396,False
2024-12-31,93466.28,1.0,1.0,8.19104871987376,False
2025-01-01,94477.35,1.0,1.0,8.279655259357334,False
2025-01-02,96912.6,1.0,1.0,8.493071813381658,False
2025-01-03,98139.9,1.0,1.0,8.60062797260722,False
2025-01-04,98230.44,1.0,1.0,8.608562572669376,False
2025-01-05,98344.63,1.0,1.0,8.618569773697622,False
2025-01-06,102267.85,1.0,1.0,8.962386668504852,False
2025-01-07,96957.3,1.0,1.0,8.496989160662178,False
2025-01-08,95091.01,1.0,1.0,8.33343421533416,False
2025-01-09,92578.29,0.0,1.0,8.113228469054311,False
2025-01-10,94734.25,0.0,1.0,8.302169051669765,False
2025-01-11,94602.78,0.0,1.0,8.290647493572001,False
2025-01-12,94509.13,0.0,1.0,8.282440344291896,False
2025-01-13,94545.14,1.0,1.0,8.285596131217433,False
2025-01-14,96579.77,1.0,1.0,8.46390378887661,False
2025-01-15,100502.16,1.0,1.0,8.807647945468117,False
2025-01-16,99993.37,1.0,1.0,8.763059419229728,False
2025-01-17,104088.95,1.0,1.0,9.12198132471415,False
2025-01-18,104435.75,1.0,1.0,9.152373629789865,False
2025-01-19,101234.81,1.0,1.0,8.871854757214722,False
2025-01-20,102164.81,1.0,1.0,8.953356613386623,False
2025-01-21,106155.27,1.0,1.0,9.303066180031486,False
2025-01-22,103656.9,1.0,1.0,9.08411801615601,False
2025-01-23,103927.39,1.0,1.0,9.107822787205405,False
2025-01-24,104833.92,1.0,1.0,9.187267816964022,False
2025-01-25,104719.19,1.0,1.0,9.177213292277353,False
2025-01-26,102598.13,1.0,1.0,8.99133122017846,False
2025-01-27,102146.43,1.0,1.0,8.95174585627217,False
2025-01-28,101335.45,1.0,1.0,8.880674484962183,False
2025-01-29,103745.56,1.0,1.0,9.091887859777732,False
2025-01-30,104742.69,1.0,1.0,9.179272747782772,False
2025-01-31,102424.82,1.0,1.0,8.976142954917005,False
2025-02-01,100646.51,1.0,1.0,8.820298260455658,False
2025-02-02,97661.91,1.0,1.0,8.558738647626997,False
2025-02-03,101403.08,1.0,1.0,8.886601334997566,False
2025-02-04,97807.64,0.0,1.0,8.571509900852728,False
2025-02-05,96622.53,0.0,1.0,8.467651121532427,False
2025-02-06,96593.71,0.0,1.0,8.465125440355143,False
2025-02-07,96549.65,0.0,1.0,8.461264180373492,False
2025-02-08,96516.44,0.0,1.0,8.458353775380516,False
2025-02-09,96510.21,0.0,1.0,8.45780780058057,False
2025-02-10,97476.15,0.0,1.0,8.542459309129693,False
2025-02-11,95811.3,0.0,1.0,8.39655784112132,False
2025-02-12,97906.38,0.0,1.0,8.58016311943167,False
2025-02-13,96673.82,0.0,1.0,8.472145992718511,False
2025-02-14,97495.51,0.0,1.0,8.544155949920542,False
2025-02-15,97587.54,0.0,1.0,8.55222112822538,False
2025-02-16,96163.25,0.0,1.0,8.427401473680137,False
2025-02-17,95820.4,0.0,1.0,8.39735533240214,False
2025-02-18,95663.6,0.0,1.0,8.38361394417875,False
2025-02-19,96675.18,0.0,1.0,8.47226517822861,False
2025-02-20,98364.08,0.0,1.0,8.620274301764873,False
2025-02-21,96183.13,0.0,1.0,8.429143685401318,False
2025-02-22,96618.81,0.0,1.0,8.467325114107739,False
2025-02-23,96320.35,0.0,1.0,8.441169152824873,False
2025-02-24,91642.56,0.0,1.0,8.031224456284706,False
2025-02-25,88670.09,0.0,1.0,7.770727873042459,False
2025-02-26,84176.15,0.0,1.0,7.3768951294670275,False
2025-02-27,84740.65,0.0,1.0,7.426365879799326,False
2025-02-28,84395.48,0.0,1.0,7.396116422062923,False
2025-03-01,86112.89,0.0,1.0,7.546624059491077,False
2025-03-02,94322.37,0.0,1.0,8.266073369390105,False
2025-03-03,86235.95,0.0,1.0,7.557408595427114,False
2025-03-04,87302.99,0.0,1.0,7.650920144469766,False
2025-03-05,90668.28,0.0,1.0,7.94584206012217,False
2025-03-06,89969.16,0.0,1.0,7.884573697017978,False
2025-03-07,86830.07,0.0,1.0,7.609475136060288,False
2025-03-08,86264.2,0.0,1.0,7.559884323853843,False
2025-03-09,80760.79,0.0,1.0,7.0775852590420145,False
2025-03-10,80359.99,-1.0,-1.0,7.042460588124061,True
2025-03-11,82961.63,-1.0,-1.0,7.042460588124061,False
2025-03-12,83702.21,-1.0,-1.0,7.042460588124061,False
2025-03-13,81138.43,-1.0,-1.0,7.042460588124061,False
2025-03-14,84040.02,-1.0,-1.0,7.042460588124061,False
2025-03-15,84391.84,-1.0,-1.0,7.042460588124061,False
2025-03-16,82619.12,-1.0,-1.0,7.042460588124061,False
2025-03-17,84082.65,-1.0,-1.0,7.042460588124061,False
2025-03-18,82763.04,-1.0,-1.0,7.042460588124061,False
2025-03-19,86913.62,-1.0,-1.0,7.042460588124061,False
2025-03-20,84204.01,-1.0,-1.0,7.042460588124061,False
2025-03-21,84075.32,-1.0,-1.0,7.042460588124061,False
2025-03-22,83848.51,-1.0,-1.0,7.042460588124061,False
2025-03-23,86130.11,-1.0,-1.0,7.042460588124061,False
2025-03-24,87536.73,-1.0,-1.0,7.042460588124061,False
2025-03-25,87482.0,-1.0,-1.0,7.042460588124061,False
2025-03-26,86956.75,-1.0,-1.0,7.042460588124061,False
2025-03-27,87240.85,-1.0,-1.0,7.042460588124061,False
2025-03-28,84980.98,-1.0,-1.0,7.042460588124061,False
