DateTime,close,Strategy_Score,Strategy_Signal,Equity
2020-04-05,6777.015,-1.0,-1,1.0
2020-04-06,7343.6125,-1.0,-1,0.9163942384663455
2020-04-07,7202.6875,-1.0,-1,0.9339799781899311
2020-04-08,7368.7675,-1.0,-1,0.9124442118835651
2020-04-09,7299.13,-1.0,-1,0.9210671374684801
2020-04-10,6873.5425,-1.0,-1,0.9747714365243083
2020-04-11,6888.695,-1.0,-1,0.9726225847216265
2020-04-12,6906.54,-1.0,-1,0.9701030291273728
2020-04-13,6862.78,-1.0,-1,0.9762496247533468
2020-04-14,6876.885,-1.0,-1,0.974243149103953
2020-04-15,6622.355,-1.0,-1,1.0103022236328174
2020-04-16,7114.9175,-1.0,-1,0.9351572051268418
2020-04-17,7033.0025,-1.0,-1,0.945923795527639
2020-04-18,7262.19,-1.0,-1,0.9150985669161761
2020-04-19,7130.2775,-1.0,-1,0.931720679489426
2020-04-20,6840.2975,-1.0,-1,0.9696126637268339
2020-04-21,6854.9675,-1.0,-1,0.9675331901693063
2020-04-22,7137.135,-1.0,-1,0.9277071193036023
2020-04-23,7507.5425,-1.0,-1,0.8795603944912723
2020-04-24,7510.8825,-1.0,-1,0.879169090450356
2020-04-25,7548.32,-1.0,-1,0.8747869299221177
2020-04-26,7703.1325,-1.0,-1,0.8568454606165546
2020-04-27,7790.8125,-1.0,-1,0.8470925179030729
2020-04-28,7761.97,-1.0,-1,0.8502285535794057
2020-04-29,8788.7275,-1.0,-1,0.7377598704871228
2020-04-30,8627.93,-1.0,-1,0.7512578362363911
2020-05-01,8827.04,-1.0,-1,0.7339207753454209
2020-05-02,8982.3675,-1.0,-1,0.7210061313387702
2020-05-03,8908.385,-1.0,-1,0.7269446365392945
2020-05-04,8884.475,-1.0,-1,0.7288957473477805
2020-05-05,9028.66,-1.0,-1,0.7170665921831433
2020-05-06,9157.695,-1.0,-1,0.7068184836352135
2020-05-07,10002.4525,-1.0,-1,0.6416175553241621
2020-05-08,9806.6125,-1.0,-1,0.6541799126095063
2020-05-09,9541.09,-1.0,-1,0.6718923985312104
2020-05-10,8726.06,-1.0,-1,0.7292875663343537
2020-05-11,8571.67,-1.0,-1,0.7421908362369626
2020-05-12,8823.31,-1.0,-1,0.7204022113796514
2020-05-13,9316.36,-1.0,-1,0.6801458551685766
2020-05-14,9790.2375,-1.0,-1,0.6455501742929293
2020-05-15,9311.1425,-1.0,-1,0.6771408135141811
2020-05-16,9387.115,-1.0,-1,0.6716158115657407
2020-05-17,9670.7075,-1.0,-1,0.6513257429939315
2020-05-18,9726.3225,-1.0,-1,0.6475800520818026
2020-05-19,9782.035,-1.0,-1,0.6438707052396012
2020-05-20,9512.655,-1.0,-1,0.6616017694381492
2020-05-21,9059.705,-1.0,-1,0.6931042807209624
2020-05-22,9168.7,-1.0,-1,0.6847657199094147
2020-05-23,9179.705,-1.0,-1,0.6839438098515436
2020-05-24,8716.09,-1.0,-1,0.7184859448552635
2020-05-25,8898.915,-1.0,-1,0.7034152889914341
2020-05-26,8842.3325,-1.0,-1,0.7078878562189398
2020-05-27,9210.6075,-1.0,-1,0.6784049793593522
2020-05-28,9556.0825,-1.0,-1,0.6529591051057623
2020-05-29,9424.535,-1.0,-1,0.6619476354872131
2020-05-30,9701.15,-1.0,-1,0.6425191283841788
2020-05-31,9448.95,-1.0,-1,0.6592226454082935
2020-06-01,10206.925,-1.0,-1,0.6063411840127574
2020-06-02,9523.3525,-1.0,-1,0.6469487283033797
2020-06-03,9666.645,-1.0,-1,0.6372144566117236
2020-06-04,9791.94,0.0,0,0.6289551499607433
2020-06-05,9618.695,0.0,0,0.6289551499607433
2020-06-06,9671.7825,0.0,0,0.6289551499607433
2020-06-07,9752.5925,0.0,0,0.6289551499607433
2020-06-08,9782.51,0.0,0,0.6289551499607433
2020-06-09,9780.1875,0.0,0,0.6289551499607433
2020-06-10,9893.4425,0.0,0,0.6289551499607433
2020-06-11,9266.2725,0.0,0,0.6289551499607433
2020-06-12,9464.24,0.0,0,0.6289551499607433
2020-06-13,9474.3475,0.0,0,0.6289551499607433
2020-06-14,9329.6975,0.0,0,0.6289551499607433
2020-06-15,9430.55,0.0,0,0.6289551499607433
2020-06-16,9527.8625,0.0,0,0.6289551499607433
2020-06-17,9456.335,0.0,0,0.6289551499607433
2020-06-18,9376.185,0.0,0,0.6289551499607433
2020-06-19,9301.5275,0.0,0,0.6289551499607433
2020-06-20,9357.655,0.0,0,0.6289551499607433
2020-06-21,9285.9675,0.0,0,0.6289551499607433
2020-06-22,9688.89,0.0,0,0.6289551499607433
2020-06-23,9622.5125,0.0,0,0.6289551499607433
2020-06-24,9287.6075,0.0,0,0.6289551499607433
2020-06-25,9238.85,0.0,0,0.6289551499607433
2020-06-26,9154.7425,0.0,0,0.6289551499607433
2020-06-27,9004.28,0.0,0,0.6289551499607433
2020-06-28,9116.235,-1.0,-1,0.6289551499607433
2020-06-29,9186.5725,-1.0,-1,0.6241023644785388
2020-06-30,9134.015,0.0,0,0.6276729301080031
2020-07-01,9236.385,0.0,0,0.6276729301080031
2020-07-02,9093.3025,0.0,0,0.6276729301080031
2020-07-03,9064.355,0.0,0,0.6276729301080031
2020-07-04,9140.565,0.0,0,0.6276729301080031
2020-07-05,9078.89,0.0,0,0.6276729301080031
2020-07-06,9347.485,0.0,0,0.6276729301080031
2020-07-07,9256.945,0.0,0,0.6276729301080031
2020-07-08,9439.2625,0.0,0,0.6276729301080031
2020-07-09,9237.495,0.0,0,0.6276729301080031
2020-07-10,9288.2275,0.0,0,0.6276729301080031
2020-07-11,9237.305,0.0,0,0.6276729301080031
2020-07-12,9302.385,0.0,0,0.6276729301080031
2020-07-13,9236.425,0.0,0,0.6276729301080031
2020-07-14,9254.7525,0.0,0,0.6276729301080031
2020-07-15,9192.06,0.0,0,0.6276729301080031
2020-07-16,9131.8425,0.0,0,0.6276729301080031
2020-07-17,9154.5775,0.0,0,0.6276729301080031
2020-07-18,9176.77,0.0,0,0.6276729301080031
2020-07-19,9213.99,0.0,0,0.6276729301080031
2020-07-20,9163.4975,0.0,0,0.6276729301080031
2020-07-21,9393.93,0.0,0,0.6276729301080031
2020-07-22,9536.005,1.0,1,0.6276729301080031
2020-07-23,9615.2925,1.0,1,0.6328917421205742
2020-07-24,9551.6625,1.0,1,0.6287035282361675
2020-07-25,9712.85,1.0,1,0.6393131105950047
2020-07-26,9942.845,1.0,1,0.6544516969904806
2020-07-27,11046.5075,1.0,1,0.7270962766887216
2020-07-28,10936.3525,1.0,1,0.7198457234836796
2020-07-29,11111.095,1.0,1,0.7313475145365783
2020-07-30,11128.7175,1.0,1,0.7325074516602301
2020-07-31,11354.0825,1.0,1,0.7473412851045069
2020-08-01,11812.8525,1.0,1,0.7775381558219246
2020-08-02,11066.14,1.0,1,0.7283885147695895
2020-08-03,11236.735,1.0,1,0.7396173116831583
2020-08-04,11196.035,1.0,1,0.7369383818529625
2020-08-05,11755.6625,1.0,1,0.7737738315715833
2020-08-06,11773.815,1.0,1,0.7749686540222621
2020-08-07,11606.64,1.0,1,0.7639649662000759
2020-08-08,11775.3475,1.0,1,0.7750695252744678
2020-08-09,11687.8175,1.0,1,0.7693081806052532
2020-08-10,11900.03,1.0,1,0.7832762984575975
2020-08-11,11390.4325,1.0,1,0.7497338919675932
2020-08-12,11570.8525,1.0,1,0.7616093838585986
2020-08-13,11795.9525,1.0,1,0.7764257746393617
2020-08-14,11777.6425,1.0,1,0.7752205853226324
2020-08-15,11859.085,1.0,1,0.7805812423913231
2020-08-16,11918.0375,1.0,1,0.7844615768093726
2020-08-17,12305.01,1.0,1,0.8099326375886211
2020-08-18,11956.1375,1.0,1,0.78696937107302
2020-08-19,11759.73,1.0,1,0.774041560001173
2020-08-20,11857.665,1.0,1,0.7804877760434389
2020-08-21,11529.71,1.0,1,0.7589013280714033
2020-08-22,11673.4475,1.0,1,0.7683623274932158
2020-08-23,11650.9875,1.0,1,0.7668839794837269
2020-08-24,11760.61,1.0,1,0.7740994828083125
2020-08-25,11327.7775,1.0,1,0.7456098539206417
2020-08-26,11470.0925,1.0,1,0.7549772224411406
2020-08-27,11320.96,1.0,1,0.7451611167187409
2020-08-28,11538.1775,1.0,1,0.7594586705366904
2020-08-29,11476.0725,1.0,1,0.7553708342442013
2020-08-30,11713.08,1.0,1,0.7709709930090689
2020-08-31,11657.2675,1.0,1,0.7672973376983122
2020-09-01,11925.9375,1.0,1,0.7849815656461916
2020-09-02,11397.7725,1.0,1,0.7502170208362325
2020-09-03,10171.66,1.0,1,0.6695126141672922
2020-09-04,10470.58,1.0,1,0.6891879386105872
2020-09-05,10166.6325,1.0,1,0.6691816972208227
2020-09-06,10258.09,1.0,1,0.6752015553275826
2020-09-07,10378.3725,1.0,1,0.6831187144750155
2020-09-08,10126.5975,1.0,1,0.6665465386028403
2020-09-09,10230.265,1.0,1,0.6733700756586589
2020-09-10,10346.9775,1.0,1,0.681052252508947
2020-09-11,10397.115,1.0,1,0.6843523715350264
2020-09-12,10446.5425,1.0,1,0.687605757387164
2020-09-13,10335.125,1.0,1,0.6802721047002885
2020-09-14,10678.515,1.0,1,0.7028745055452741
2020-09-15,10785.185,1.0,1,0.7098956712697699
2020-09-16,10955.3775,1.0,1,0.7210979750812094
2020-09-17,10944.9075,1.0,1,0.7204088253189944
2020-09-18,10935.2675,1.0,1,0.7197743072953313
2020-09-19,11081.2575,1.0,1,0.7293835693570089
2020-09-20,10921.11,0.0,0,0.7188424412247909
2020-09-21,10415.95,0.0,0,0.7188424412247909
2020-09-22,10535.13,0.0,0,0.7188424412247909
2020-09-23,10234.5225,0.0,0,0.7188424412247909
2020-09-24,10749.985,0.0,0,0.7188424412247909
2020-09-25,10691.8375,0.0,0,0.7188424412247909
2020-09-26,10731.0575,0.0,0,0.7188424412247909
2020-09-27,10777.975,0.0,0,0.7188424412247909
2020-09-28,10694.3675,0.0,0,0.7188424412247909
2020-09-29,10841.27,0.0,0,0.7188424412247909
2020-09-30,10779.1975,0.0,0,0.7188424412247909
2020-10-01,10621.26,0.0,0,0.7188424412247909
2020-10-02,10575.665,0.0,0,0.7188424412247909
2020-10-03,10553.77,0.0,0,0.7188424412247909
2020-10-04,10673.18,0.0,0,0.7188424412247909
2020-10-05,10796.145,0.0,0,0.7188424412247909
2020-10-06,10605.925,0.0,0,0.7188424412247909
2020-10-07,10670.07,0.0,0,0.7188424412247909
2020-10-08,10930.3575,0.0,0,0.7188424412247909
2020-10-09,11056.8425,0.0,0,0.7188424412247909
2020-10-10,11302.1025,1.0,1,0.7188424412247909
2020-10-11,11375.2725,1.0,1,0.723496239172953
2020-10-12,11535.7025,1.0,1,0.7336999948764332
2020-10-13,11428.785,1.0,1,0.7268997701651769
2020-10-14,11429.41,1.0,1,0.7269395217535
2020-10-15,11506.8975,1.0,1,0.7318679236737979
2020-10-16,11325.495,1.0,1,0.7203302636725478
2020-10-17,11367.0225,1.0,1,0.7229715182070879
2020-10-18,11513.1325,1.0,1,0.7322644855189092
2020-10-19,11760.85,1.0,1,0.7480199480475938
2020-10-20,11923.335,1.0,1,0.7583544069734802
2020-10-21,12811.105,1.0,1,0.8148188350784398
2020-10-22,12985.925,1.0,1,0.8259378313514711
2020-10-23,12940.1275,1.0,1,0.8230249939655077
2020-10-24,13127.4175,1.0,1,0.8349371139287615
2020-10-25,13042.115,1.0,1,0.8295116581480713
2020-10-26,13071.8175,1.0,1,0.8314008126315383
2020-10-27,13663.92,1.0,1,0.869060036351665
2020-10-28,13286.15,1.0,1,0.8450329043183562
2020-10-29,13466.4225,1.0,1,0.8564986934479183
2020-10-30,13570.475,1.0,1,0.8631166968783015
2020-10-31,13809.855,1.0,1,0.8783418732187558
2020-11-01,13768.1925,1.0,1,0.8756920323411378
2020-11-02,13569.8975,1.0,1,0.8630799664106907
2020-11-03,14037.9525,1.0,1,0.8928494538868015
2020-11-04,14162.7275,1.0,1,0.9007854609796255
2020-11-05,15610.2425,1.0,1,0.9928510935740479
2020-11-06,15601.6325,1.0,1,0.9923034756933088
2020-11-07,14838.965,1.0,1,0.9437958845134546
2020-11-08,15484.175,1.0,1,0.9848328801965718
2020-11-09,15336.3475,1.0,1,0.9754306755200386
2020-11-10,15315.845,1.0,1,0.9741266644166876
2020-11-11,15708.3125,1.0,1,0.9990885948010025
2020-11-12,16308.4025,1.0,1,1.0372558438198982
2020-11-13,16342.135,1.0,1,1.0394013165448726
2020-11-14,16084.31,1.0,1,1.0230029913298266
2020-11-15,15969.7475,1.0,1,1.0157165251902023
2020-11-16,16724.2975,1.0,1,1.063707822740916
2020-11-17,17683.04,1.0,1,1.1246862822094936
2020-11-18,17792.575,1.0,1,1.131652986572647
2020-11-19,17825.9375,1.0,1,1.1337749263573342
2020-11-20,18682.275,1.0,1,1.1882401675823484
2020-11-21,18719.7725,1.0,1,1.190625103875381
2020-11-22,18442.9925,1.0,1,1.1730211924896723
2020-11-23,18390.1275,1.0,1,1.169658844142951
2020-11-24,19169.8975,1.0,1,1.2192541977856786
2020-11-25,18727.64,1.0,1,1.1911254968691922
2020-11-26,17167.14,1.0,1,1.091873731144073
2020-11-27,17152.92,1.0,1,1.0909693030065457
2020-11-28,17740.0325,1.0,1,1.1283111500455008
2020-11-29,18197.3175,1.0,1,1.1573956381516277
2020-11-30,19709.54,1.0,1,1.2535768321883174
2020-12-01,18779.14,1.0,1,1.1944010277470158
2020-12-02,19228.5225,1.0,1,1.2229828967703855
2020-12-03,19449.8775,1.0,1,1.2370616373036019
2020-12-04,18667.305,1.0,1,1.1872880375388337
2020-12-05,19159.9025,1.0,1,1.2186184903852157
2020-12-06,19382.2675,1.0,1,1.232761469485162
2020-12-07,19178.0925,1.0,1,1.2197754206117712
2020-12-08,18317.92,1.0,1,1.1650662636408067
2020-12-09,18551.52,1.0,1,1.1799238172924493
2020-12-10,18247.86,1.0,1,1.1606102695961407
2020-12-11,18035.185,1.0,1,1.1470835991215558
2020-12-12,18814.7425,1.0,1,1.1966654372242533
2020-12-13,19164.8025,1.0,1,1.218930142837669
2020-12-14,19276.6175,1.0,1,1.2260418609950252
2020-12-15,19442.235,1.0,1,1.2365755548815873
2020-12-16,21370.875,1.0,1,1.359241960167133
2020-12-17,22824.125,1.0,1,1.4516723533360083
2020-12-18,23139.1,1.0,1,1.4717055637873182
2020-12-19,23856.9625,1.0,1,1.5173634431034662
2020-12-20,23478.995,1.0,1,1.493323749568247
2020-12-21,22729.9375,1.0,1,1.4456817889757168
2020-12-22,23834.1425,1.0,1,1.515912033110613
2020-12-23,23234.965,1.0,1,1.4778028214106689
2020-12-24,23725.2675,1.0,1,1.5089873064247288
2020-12-25,24705.6075,1.0,1,1.5713394217793992
2020-12-26,26458.9725,1.0,1,1.6828578916356145
2020-12-27,26259.1225,1.0,1,1.6701469237534197
2020-12-28,27037.975,1.0,1,1.7196839220644888
2020-12-29,27370.3625,1.0,1,1.7408246117664807
2020-12-30,28889.2925,1.0,1,1.8374324198490541
2020-12-31,28980.4525,1.0,1,1.8432304275155085
2021-01-01,29404.035,1.0,1,1.8701713509729005
2021-01-02,32223.72,1.0,1,2.049510482686219
2021-01-03,33096.3175,1.0,1,2.1050099012330468
2021-01-04,32028.2225,1.0,1,2.037076344865106
2021-01-05,34052.6475,1.0,1,2.165834919570697
2021-01-06,36873.235,1.0,1,2.345231452577554
2021-01-07,39501.2625,1.0,1,2.5123806802284165
2021-01-08,40658.6275,1.0,1,2.585992035459723
2021-01-09,40252.745,1.0,1,2.5601768769836406
2021-01-10,38173.345,1.0,1,2.4279217525691497
2021-01-11,35458.7275,1.0,1,2.255265180865651
2021-01-12,34034.27,1.0,1,2.164666063867644
2021-01-13,37399.4125,1.0,1,2.3786976787613594
2021-01-14,39139.71,1.0,1,2.4893850224089156
2021-01-15,36760.6625,1.0,1,2.33807155549515
2021-01-16,36010.045,1.0,1,2.2903303749381654
2021-01-17,35822.635,1.0,1,2.278410622669954
2021-01-18,36625.1225,1.0,1,2.329450867045049
2021-01-19,35915.7275,1.0,1,2.284331542247503
2021-01-20,35502.5025,1.0,1,2.258049382111801
2021-01-21,30839.85,1.0,1,1.961492833833914
2021-01-22,33001.7675,1.0,1,2.0989962809515275
2021-01-23,32111.9675,1.0,1,2.0424027396876943
2021-01-24,32291.01,1.0,1,2.053790297691436
2021-01-25,32271.49,1.0,1,2.052548776084929
2021-01-26,32513.14,1.0,1,2.0679183301941726
2021-01-27,30427.465,1.0,1,1.9352640998329178
2021-01-28,33460.75,1.0,1,2.128188734371539
2021-01-29,34257.6675,1.0,1,2.178874712591499
2021-01-30,34321.5575,1.0,1,2.18293827895624
2021-01-31,33138.715,1.0,1,2.107706489978531
2021-02-01,33538.6675,1.0,1,2.1331444853846038
2021-02-02,35514.35,1.0,1,2.2588029132200527
2021-02-03,37688.8725,1.0,1,2.397108070370966
2021-02-04,36987.58,1.0,1,2.352504085164441
2021-02-05,38309.9425,1.0,1,2.436609700706692
2021-02-06,39273.03,1.0,1,2.4978645132172916
2021-02-07,38868.57,1.0,1,2.4721398293562333
2021-02-08,46431.245,1.0,1,2.9531451785104896
2021-02-09,46507.4325,1.0,1,2.957990897127076
2021-02-10,44851.2175,1.0,1,2.852651414159803
2021-02-11,47987.3325,1.0,1,3.0521162980220478
2021-02-12,47438.89,1.0,1,3.01723396125582
2021-02-13,47230.7775,1.0,1,3.0039974773759934
2021-02-14,48660.45,1.0,1,3.094928281626968
2021-02-15,47935.8025,1.0,1,3.0488388590679847
2021-02-16,49184.5275,1.0,1,3.1282609424740078
2021-02-17,52161.055,1.0,1,3.317575655773832
2021-02-18,51591.845,1.0,1,3.2813724532308037
2021-02-19,55970.9075,1.0,1,3.559891956816613
2021-02-20,55951.415,1.0,1,3.558652184279992
2021-02-21,57492.04,1.0,1,3.656639849496437
2021-02-22,54157.43,1.0,1,3.444550179195482
2021-02-23,48910.7625,1.0,1,3.1108487927503696
2021-02-24,49748.1475,1.0,1,3.164108606811074
2021-02-25,47074.9725,1.0,1,2.994087883426104
2021-02-26,46329.3875,1.0,1,2.9466667826582964
2021-02-27,46167.6375,1.0,1,2.936379071600278
2021-02-28,45238.64,1.0,1,2.8772924697231734
2021-03-01,49638.7375,1.0,1,3.157149852765585
2021-03-02,48502.02,1.0,1,3.0848517310061205
2021-03-03,50383.17,1.0,1,3.204497651604524
2021-03-04,48356.735,1.0,1,3.0756112357908862
2021-03-05,48754.165,1.0,1,3.1008887937864866
2021-03-06,48902.95,1.0,1,3.1103518978963307
2021-03-07,50977.285,1.0,1,3.242284875439051
2021-03-08,52408.405,1.0,1,3.3333077443685815
2021-03-09,54923.065,1.0,1,3.4932465109166935
2021-03-10,55858.515,1.0,1,3.552743508191645
2021-03-11,57804.9625,1.0,1,3.676542515731693
2021-03-12,57241.355,1.0,1,3.6406956464263933
2021-03-13,61173.205,1.0,1,3.890771298503491
2021-03-14,58997.37,1.0,1,3.752382663017099
2021-03-15,55628.8325,1.0,1,3.5381351174956124
2021-03-16,56917.675,1.0,1,3.6201087758529193
2021-03-17,58917.345,1.0,1,3.7472928696482084
2021-03-18,57640.2625,1.0,1,3.666067177176789
2021-03-19,58090.0,1.0,1,3.694671625102327
2021-03-20,58117.48,1.0,1,3.6964194229377174
2021-03-21,57378.6275,1.0,1,3.6494265262793264
2021-03-22,54095.6,1.0,1,3.4406176340658536
2021-03-23,54364.5825,1.0,1,3.457725604635643
2021-03-24,52289.62,1.0,1,3.3257527164982466
2021-03-25,51324.1225,1.0,1,3.2643446218630725
2021-03-26,55069.4325,1.0,1,3.5025558558829037
2021-03-27,55853.0675,1.0,1,3.552397033347821
2021-03-28,55786.5525,1.0,1,3.5481665103121234
2021-03-29,57610.7275,1.0,1,3.664188676118993
2021-03-30,58774.2275,1.0,1,3.738190232941278
2021-03-31,58793.155,1.0,1,3.7393940700420547
2021-04-01,58728.87,1.0,1,3.735305380673494
2021-04-02,59004.0675,1.0,1,3.7528086410375683
2021-04-03,57091.5725,1.0,1,3.6311690987815854
2021-04-04,58210.9525,1.0,1,3.7023645114809667
2021-04-05,59121.7175,1.0,1,3.7602914800235094
2021-04-06,58022.615,1.0,1,3.690385767855683
2021-04-07,55940.0875,1.0,1,3.5579317264932238
2021-04-08,58075.6975,1.0,1,3.693761949755141
2021-04-09,58108.4575,1.0,1,3.695845569008684
2021-04-10,59776.6,1.0,1,3.801943671287515
2021-04-11,59975.28,1.0,1,3.8145802241963693
2021-04-12,59839.575,1.0,1,3.8059490413269508
2021-04-13,63589.9225,1.0,1,4.044480673148666
2021-04-14,62974.7825,1.0,1,4.00535620588295
2021-04-15,63237.2225,1.0,1,4.022048056826174
2021-04-16,61438.79,1.0,1,3.9076631794391563
2021-04-17,60061.09,1.0,1,3.8200379582667776
2021-04-18,56271.87,1.0,1,3.579033936657719
2021-04-19,55700.7925,1.0,1,3.5427119563687812
2021-04-20,56501.88,1.0,1,3.593663157186033
2021-04-21,53806.5825,1.0,1,3.422235386580778
2021-04-22,51704.1075,0.0,0,3.2885126335253987
2021-04-23,51187.5525,0.0,0,3.2885126335253987
2021-04-24,50107.2925,0.0,0,3.2885126335253987
2021-04-25,49123.22,0.0,0,3.2885126335253987
2021-04-26,54059.8475,1.0,1,3.2885126335253987
2021-04-27,55080.8275,1.0,1,3.3506198310822684
2021-04-28,54895.465,1.0,1,3.3393440515301367
2021-04-29,53590.8525,1.0,1,3.259983215595386
2021-04-30,57789.0575,1.0,1,3.515364072536011
2021-05-01,57859.9475,1.0,1,3.5196763795692596
2021-05-02,56625.7675,1.0,1,3.444600020501758
2021-05-03,57209.99,1.0,1,3.4801388383284224
2021-05-04,53239.4225,1.0,1,3.23860538994022
2021-05-05,57511.91,1.0,1,3.498504922959238
2021-05-06,56439.795,1.0,1,3.433287134061626
2021-05-07,57384.81,1.0,1,3.4907733074432836
2021-05-08,58969.925,1.0,1,3.587197380838804
2021-05-09,58303.4025,1.0,1,3.5466521746804074
2021-05-10,55879.4175,1.0,1,3.399198830569956
2021-05-11,56759.9075,1.0,1,3.4527598860038022
2021-05-12,49459.7575,0.0,0,3.00868472464434
2021-05-13,49685.1225,0.0,0,3.00868472464434
2021-05-14,49890.035,0.0,0,3.00868472464434
2021-05-15,46756.4075,0.0,0,3.00868472464434
2021-05-16,46456.4725,0.0,0,3.00868472464434
2021-05-17,43577.1775,0.0,0,3.00868472464434
2021-05-18,42879.025,0.0,0,3.00868472464434
2021-05-19,36752.975,0.0,0,3.00868472464434
2021-05-20,40612.6375,0.0,0,3.00868472464434
2021-05-21,37335.305,0.0,0,3.00868472464434
2021-05-22,37485.48,-1.0,-1,3.00868472464434
2021-05-23,34730.7875,-1.0,-1,3.229783700723673
2021-05-24,38853.5125,-1.0,-1,2.8463915876722203
2021-05-25,38384.4825,-1.0,-1,2.880752523414282
2021-05-26,39294.965,-1.0,-1,2.812420880297834
2021-05-27,38536.2775,-1.0,-1,2.866721693814807
2021-05-28,35685.1975,-1.0,-1,3.0788141276727865
2021-05-29,34619.3575,-1.0,-1,3.1707716753321145
2021-05-30,35676.71,-1.0,-1,3.073929226484194
2021-05-31,37308.4825,-1.0,-1,2.933334615077392
2021-06-01,36685.2475,-1.0,-1,2.982335718213328
2021-06-02,37580.4475,-1.0,-1,2.9095602262408504
2021-06-03,39229.3325,-1.0,-1,2.7818999525401416
2021-06-04,36864.8875,-1.0,-1,2.9495716668953063
2021-06-05,35536.965,-1.0,-1,3.0558191790254545
2021-06-06,35803.195,-1.0,-1,3.0329260945982406
2021-06-07,33584.455,-1.0,-1,3.220877880552787
2021-06-08,33412.1675,-1.0,-1,3.237400911754149
2021-06-09,37401.73,-1.0,-1,2.8508407379791265
2021-06-10,36685.765,-1.0,-1,2.905413138479511
2021-06-11,37336.5825,-1.0,-1,2.8538701567466136
2021-06-12,35546.655,-1.0,-1,2.9906855890371853
2021-06-13,39026.525,-1.0,-1,2.697909881710495
2021-06-14,40534.765,-1.0,-1,2.5936450105750035
2021-06-15,40174.73,-1.0,-1,2.616682099389564
2021-06-16,38349.0475,-1.0,-1,2.7355934328800147
2021-06-17,38078.7175,-1.0,-1,2.754877170571556
2021-06-18,35828.5925,-1.0,-1,2.917666739139151
2021-06-19,35496.7275,-1.0,-1,2.944691844085275
2021-06-20,35592.295,-1.0,-1,2.936763878392956
2021-06-21,31628.705,-1.0,-1,3.2638045466263343
2021-06-22,32531.0825,-1.0,-1,3.1706871146203985
2021-06-23,33676.2075,-1.0,-1,3.0590759168642316
2021-06-24,34666.66,-1.0,-1,2.9691052932556206
2021-06-25,31594.5075,-1.0,-1,3.232226812589716
2021-06-26,32275.4475,-1.0,-1,3.16256430793555
2021-06-27,34690.9775,-1.0,-1,2.925874515710436
2021-06-28,34488.3475,-1.0,-1,2.9429645487923346
2021-06-29,35907.5775,-1.0,-1,2.8218586136186494
2021-06-30,35041.1075,-1.0,-1,2.8899516458746444
2021-07-01,33534.25,-1.0,-1,3.0142269791306937
2021-07-02,33809.2275,-1.0,-1,2.9895106190166634
2021-07-03,34684.7125,-1.0,-1,2.912097678886937
2021-07-04,35293.315,-1.0,-1,2.86099995312044
2021-07-05,33697.2525,-1.0,-1,2.990382379726648
2021-07-06,34232.385,-1.0,-1,2.9428933211210815
2021-07-07,33882.7525,-1.0,-1,2.9729505651342247
2021-07-08,32883.2225,-1.0,-1,3.060651624201625
2021-07-09,33818.1725,-1.0,-1,2.9736298538733883
2021-07-10,33519.4025,-1.0,-1,2.9999006818266656
2021-07-11,34251.9575,-1.0,-1,2.9343388853723424
2021-07-12,33103.185,-1.0,-1,3.0327533429167444
2021-07-13,32724.8375,-1.0,-1,3.067415706837593
2021-07-14,32819.0775,-1.0,-1,3.0585822556031177
2021-07-15,31856.78,-1.0,-1,3.1482638153029976
2021-07-16,31394.39,-1.0,-1,3.1939597615209756
2021-07-17,31527.1125,-1.0,-1,3.1804570202844533
2021-07-18,31784.15,-1.0,-1,3.154527061701936
2021-07-19,30830.1625,-1.0,-1,3.249208825577181
2021-07-20,29792.0175,-1.0,-1,3.3586195332316997
2021-07-21,32135.375,-1.0,-1,3.0944398323153384
2021-07-22,32291.6375,-1.0,-1,3.079392710434944
2021-07-23,33654.6525,-1.0,-1,2.9494129763563155
2021-07-24,34289.215,-1.0,-1,2.8938014417606426
2021-07-25,35428.2675,0.0,0,2.797672330413501
2021-07-26,37268.7025,0.0,0,2.797672330413501
2021-07-27,39484.85,0.0,0,2.797672330413501
2021-07-28,40026.4275,0.0,0,2.797672330413501
2021-07-29,40029.9225,0.0,0,2.797672330413501
2021-07-30,42228.505,0.0,0,2.797672330413501
2021-07-31,41493.865,0.0,0,2.797672330413501
2021-08-01,39867.6725,0.0,0,2.797672330413501
2021-08-02,39156.295,0.0,0,2.797672330413501
2021-08-03,38180.29,0.0,0,2.797672330413501
2021-08-04,39728.1325,0.0,0,2.797672330413501
2021-08-05,40889.9125,0.0,0,2.797672330413501
2021-08-06,42839.7175,0.0,0,2.797672330413501
2021-08-07,44624.2,0.0,0,2.797672330413501
2021-08-08,43842.615,0.0,0,2.797672330413501
2021-08-09,46291.175,0.0,0,2.797672330413501
2021-08-10,45599.3,0.0,0,2.797672330413501
2021-08-11,45553.7625,0.0,0,2.797672330413501
2021-08-12,44424.67,0.0,0,2.797672330413501
2021-08-13,47838.4075,1.0,1,2.797672330413501
2021-08-14,47115.0775,1.0,1,2.755370748222288
2021-08-15,47022.2825,1.0,1,2.7499439370580427
2021-08-16,45917.8125,1.0,1,2.68535263228328
2021-08-17,44680.955,1.0,1,2.613019078863584
2021-08-18,44714.75,1.0,1,2.6149954685752674
2021-08-19,46764.05,1.0,1,2.734842056418234
2021-08-20,49343.1725,1.0,1,2.8856735751095046
2021-08-21,48872.535,1.0,1,2.8581498848318763
2021-08-22,49288.8975,1.0,1,2.882499479781745
2021-08-23,49530.47,1.0,1,2.896627054974101
2021-08-24,47713.01,1.0,1,2.7903388689881163
2021-08-25,49000.2575,1.0,1,2.8656193162551777
2021-08-26,46858.64,1.0,1,2.7403738422690433
2021-08-27,49084.0325,1.0,1,2.8705186223092176
2021-08-28,48925.0275,1.0,1,2.861219736494563
2021-08-29,48800.0725,1.0,1,2.8539121532300737
2021-08-30,46995.615,1.0,1,2.748384375802342
2021-08-31,47140.64,1.0,1,2.756865687177898
2021-09-01,48852.315,1.0,1,2.8569673844628785
2021-09-02,49282.96,1.0,1,2.8821522445720054
2021-09-03,50022.6475,1.0,1,2.925410441490511
2021-09-04,49945.5725,1.0,1,2.9209029629573555
2021-09-05,51791.6375,1.0,1,3.0288640185306366
2021-09-06,52698.0575,1.0,1,3.0818730187515033
2021-09-07,46878.23,1.0,1,2.7415194991547325
2021-09-08,46077.8625,1.0,1,2.6947126314948457
2021-09-09,46392.3625,1.0,1,2.713105132288587
2021-09-10,44853.1875,1.0,1,2.623091531623385
2021-09-11,45164.76,1.0,1,2.6413128271831874
2021-09-12,46038.8925,1.0,1,2.6924335988845693
2021-09-13,44961.89,1.0,1,2.6294486407411326
2021-09-14,47130.095,1.0,1,2.756248997445402
2021-09-15,48150.2275,1.0,1,2.8159081001988864
2021-09-16,47765.91,1.0,1,2.7934325519515144
2021-09-17,47291.0575,1.0,1,2.765662361226046
2021-09-18,48315.1775,1.0,1,2.8255546598361754
2021-09-19,47249.3475,1.0,1,2.763223088704243
2021-09-20,43011.9325,1.0,1,2.515411773121066
2021-09-21,40685.64,1.0,1,2.3793661875798158
2021-09-22,43575.315,1.0,1,2.5483593504769635
2021-09-23,44897.02,1.0,1,2.6256549315949
2021-09-24,42844.64,1.0,1,2.505628220055766
2021-09-25,42712.155,0.0,0,2.4978802694431783
2021-09-26,43194.81,0.0,0,2.4978802694431783
2021-09-27,42177.77,0.0,0,2.4978802694431783
2021-09-28,41038.115,0.0,0,2.4978802694431783
2021-09-29,41533.695,1.0,1,2.4978802694431783
2021-09-30,43821.91,1.0,1,2.635495935488396
2021-10-01,48166.92,1.0,1,2.8968094244407583
2021-10-02,47670.6225,1.0,1,2.8669615687894856
2021-10-03,48235.595,1.0,1,2.9009396114492585
2021-10-04,49241.84,1.0,1,2.961456248163758
2021-10-05,51501.91,1.0,1,3.0973792441928967
2021-10-06,55340.09,1.0,1,3.328211441823553
2021-10-07,53798.51,1.0,1,3.2354991929911723
2021-10-08,53957.7325,1.0,1,3.2450750022516153
2021-10-09,54966.9725,1.0,1,3.3057717614282995
2021-10-10,54696.93,1.0,1,3.2895311203617843
2021-10-11,57493.035,1.0,1,3.457691827247878
2021-10-12,56007.4425,1.0,1,3.3683467257782693
2021-10-13,57376.32,1.0,1,3.4506724639177415
2021-10-14,57356.9225,1.0,1,3.449505877787456
2021-10-15,61668.5875,1.0,1,3.708813963233471
2021-10-16,60871.4575,1.0,1,3.6608737234069575
2021-10-17,61532.1675,1.0,1,3.700609520398384
2021-10-18,62048.745,1.0,1,3.731677036661704
2021-10-19,64280.3625,1.0,1,3.865888869300098
2021-10-20,66023.1025,1.0,1,3.9706990929214103
2021-10-21,62210.005,1.0,1,3.7413753833233816
2021-10-22,60693.4425,1.0,1,3.650167713355
2021-10-23,61316.555,1.0,1,3.6876423570001995
2021-10-24,60875.2975,1.0,1,3.661104665061309
2021-10-25,63087.9,1.0,1,3.794172915523269
2021-10-26,60319.11,1.0,1,3.627654961576923
2021-10-27,58473.77,1.0,1,3.516674265628386
2021-10-28,60600.135,1.0,1,3.644556101788991
2021-10-29,62279.4025,1.0,1,3.745549022244712
2021-10-30,61899.5925,1.0,1,3.7227068478333765
2021-10-31,61357.63,1.0,1,3.6901126508680426
2021-11-01,60947.0975,1.0,1,3.6654227928692498
2021-11-02,63266.1025,1.0,1,3.8048902020231923
2021-11-03,62937.0925,1.0,1,3.7851031932475583
2021-11-04,61450.845,1.0,1,3.6957186993863873
2021-11-05,61016.1575,1.0,1,3.6695761341842403
2021-11-06,61543.7625,1.0,1,3.7013068559406253
2021-11-07,63312.7675,1.0,1,3.807696684393074
2021-11-08,67556.4625,1.0,1,4.062916982274942
2021-11-09,66947.1225,1.0,1,4.026270631321036
2021-11-10,64936.2625,1.0,1,3.9053353878130235
2021-11-11,64822.07,1.0,1,3.8984677302961956
2021-11-12,64153.3275,1.0,1,3.8582488502738883
2021-11-13,64406.96,1.0,1,3.8735025766143827
2021-11-14,65502.47,1.0,1,3.939387704676735
2021-11-15,63617.4125,1.0,1,3.8260183563436314
2021-11-16,60127.2875,1.0,1,3.6161185538967175
2021-11-17,60348.1,1.0,1,3.6293984507851698
2021-11-18,56912.3075,1.0,1,3.422766262253645
2021-11-19,58067.5975,1.0,1,3.492246622632971
2021-11-20,59739.2175,1.0,1,3.5927796143643014
2021-11-21,58794.32,1.0,1,3.535952481071774
2021-11-22,56312.4125,1.0,1,3.386687943571967
2021-11-23,57573.43,1.0,1,3.4625268674305967
2021-11-24,57180.3325,1.0,1,3.438885568740041
2021-11-25,58971.925,1.0,1,3.5466338332908447
2021-11-26,53871.2875,1.0,1,3.239876108681176
2021-11-27,54775.655,1.0,1,3.2942657249812823
2021-11-28,57322.77,1.0,1,3.44745191037853
2021-11-29,57838.79,1.0,1,3.47848589800323
2021-11-30,57014.33,1.0,1,3.428902003121132
2021-12-01,57213.37,1.0,1,3.4408724788717238
2021-12-02,56552.32,0.0,0,3.401116233921319
2021-12-03,53683.26,0.0,0,3.401116233921319
2021-12-04,49231.66,0.0,0,3.401116233921319
2021-12-05,49409.58,0.0,0,3.401116233921319
2021-12-06,50547.88,0.0,0,3.401116233921319
2021-12-07,50644.37,0.0,0,3.401116233921319
2021-12-08,50518.96,0.0,0,3.401116233921319
2021-12-09,47658.92,0.0,0,3.401116233921319
2021-12-10,47229.01,0.0,0,3.401116233921319
2021-12-11,49369.71,0.0,0,3.401116233921319
2021-12-12,50112.02,0.0,0,3.401116233921319
2021-12-13,46718.8,0.0,0,3.401116233921319
2021-12-14,48378.82,0.0,0,3.401116233921319
2021-12-15,48895.13,0.0,0,3.401116233921319
2021-12-16,47656.12,0.0,0,3.401116233921319
2021-12-17,46216.71,0.0,0,3.401116233921319
2021-12-18,46893.49,0.0,0,3.401116233921319
2021-12-19,46724.12,0.0,0,3.401116233921319
2021-12-20,46921.46,0.0,0,3.401116233921319
2021-12-21,48948.51,0.0,0,3.401116233921319
2021-12-22,48625.01,0.0,0,3.401116233921319
2021-12-23,50825.37,0.0,0,3.401116233921319
2021-12-24,50835.68,0.0,0,3.401116233921319
2021-12-25,50440.34,0.0,0,3.401116233921319
2021-12-26,50801.7,0.0,0,3.401116233921319
2021-12-27,50713.28,0.0,0,3.401116233921319
2021-12-28,47564.01,0.0,0,3.401116233921319
2021-12-29,46471.03,-1.0,-1,3.401116233921319
2021-12-30,47141.1,-1.0,-1,3.3520752302064523
2021-12-31,46195.56,-1.0,-1,3.4193100043879925
2022-01-01,47746.11,-1.0,-1,3.3045411580464004
2022-01-02,47323.62,-1.0,-1,3.333781981934734
2022-01-03,46446.75,-1.0,-1,3.3955543781820863
2022-01-04,45838.87,-1.0,-1,3.439994292609023
2022-01-05,43452.83,-1.0,-1,3.6190555125286425
2022-01-06,43115.92,-1.0,-1,3.6471157330649357
2022-01-07,41543.69,-1.0,-1,3.7801084830514062
2022-01-08,41687.0,-1.0,-1,3.7670685401212984
2022-01-09,41865.65,-1.0,-1,3.7509247352254635
2022-01-10,41837.29,-1.0,-1,3.7534656303385447
2022-01-11,42734.84,-1.0,-1,3.6729412207386316
2022-01-12,43929.15,-1.0,-1,3.5702935817316677
2022-01-13,42566.66,-1.0,-1,3.6810284651103258
2022-01-14,43092.97,-1.0,-1,3.635514861471417
2022-01-15,43111.45,-1.0,-1,3.6339558063717114
2022-01-16,43108.81,-1.0,-1,3.6341783375862455
2022-01-17,42244.92,-1.0,-1,3.707006381878291
2022-01-18,42376.79,-1.0,-1,3.6954347436415915
2022-01-19,41690.96,-1.0,-1,3.7552420110214872
2022-01-20,40675.73,-1.0,-1,3.8466871191900047
2022-01-21,36462.45,-1.0,-1,4.245135282395457
2022-01-22,35064.16,-1.0,-1,4.407930986305115
2022-01-23,36292.06,-1.0,-1,4.253571136872417
2022-01-24,36706.69,-1.0,-1,4.204974881920744
2022-01-25,36974.02,-1.0,-1,4.1743506023906685
2022-01-26,36838.86,-1.0,-1,4.189610106967642
2022-01-27,37180.02,-1.0,-1,4.150810660293857
2022-01-28,37747.68,-1.0,-1,4.087436590580543
2022-01-29,38180.95,-1.0,-1,4.040520762863427
2022-01-30,37929.9,-1.0,-1,4.067088271988183
2022-01-31,38498.99,-1.0,-1,4.006066775366633
2022-02-01,38723.35,-1.0,-1,3.982720678710038
2022-02-02,36914.92,-1.0,-1,4.168718831168428
2022-02-03,37322.6,-1.0,-1,4.122680446334037
2022-02-04,41595.79,-1.0,-1,3.650660896343678
2022-02-05,41418.02,-1.0,-1,3.666262907690091
2022-02-06,42417.63,-1.0,-1,3.577778883944965
2022-02-07,43869.2,-1.0,-1,3.455344026208501
2022-02-08,44133.22,-1.0,-1,3.4345485722271296
2022-02-09,44420.56,-1.0,-1,3.4121871132911235
2022-02-10,43528.61,-1.0,-1,3.4807026902154123
2022-02-11,42397.41,-1.0,-1,3.5711574711783616
2022-02-12,42242.26,-1.0,-1,3.5842258421390714
2022-02-13,42073.76,-1.0,-1,3.5985229477958334
2022-02-14,42550.24,-1.0,-1,3.5577701314522083
2022-02-15,44573.39,-1.0,-1,3.3886076862709933
2022-02-16,43888.51,-1.0,-1,3.4406743931598625
2022-02-17,40546.12,-1.0,-1,3.7027036961586104
2022-02-18,39993.25,-1.0,-1,3.753192221139428
2022-02-19,40104.1,-1.0,-1,3.742789431725882
2022-02-20,38386.55,-1.0,-1,3.903082967510522
2022-02-21,37032.64,-1.0,-1,4.0407463694193195
2022-02-22,38259.84,-1.0,-1,3.906842765880621
2022-02-23,37261.73,-1.0,-1,4.008763182512083
2022-02-24,38353.01,-1.0,-1,3.8913589963454243
2022-02-25,39232.14,-1.0,-1,3.802161031584454
2022-02-26,39133.73,-1.0,-1,3.811698382009851
2022-02-27,37711.29,-1.0,-1,3.950246694335461
2022-02-28,43188.92,0.0,0,3.376466539896492
2022-03-01,44438.27,0.0,0,3.376466539896492
2022-03-02,43926.92,0.0,0,3.376466539896492
2022-03-03,42466.71,0.0,0,3.376466539896492
2022-03-04,39161.89,-1.0,-1,3.376466539896492
2022-03-05,39406.8,-1.0,-1,3.3553508475668816
2022-03-06,38423.0,-1.0,-1,3.4391179680596973
2022-03-07,38008.62,-1.0,-1,3.476207776341314
2022-03-08,38752.44,0.0,0,3.408179185242816
2022-03-09,41964.16,0.0,0,3.408179185242816
2022-03-10,39438.05,-1.0,-1,3.408179185242816
2022-03-11,38735.35,-1.0,-1,3.468905501921002
2022-03-12,38809.19,-1.0,-1,3.462292834621962
2022-03-13,37790.82,-1.0,-1,3.5531449022377504
2022-03-14,39673.63,-1.0,-1,3.376120515008729
2022-03-15,39311.59,-1.0,-1,3.406929157203904
2022-03-16,41134.5,0.0,0,3.2489471160308407
2022-03-17,40951.81,0.0,0,3.2489471160308407
2022-03-18,41782.51,0.0,0,3.2489471160308407
2022-03-19,42228.16,0.0,0,3.2489471160308407
2022-03-20,41277.41,0.0,0,3.2489471160308407
2022-03-21,41027.61,0.0,0,3.2489471160308407
2022-03-22,42382.59,0.0,0,3.2489471160308407
2022-03-23,42910.55,0.0,0,3.2489471160308407
2022-03-24,44008.86,0.0,0,3.2489471160308407
2022-03-25,44325.51,0.0,0,3.2489471160308407
2022-03-26,44542.83,0.0,0,3.2489471160308407
2022-03-27,46856.67,0.0,0,3.2489471160308407
2022-03-28,47140.78,0.0,0,3.2489471160308407
2022-03-29,47454.07,0.0,0,3.2489471160308407
2022-03-30,47069.52,0.0,0,3.2489471160308407
2022-03-31,45526.92,0.0,0,3.2489471160308407
2022-04-01,46308.14,0.0,0,3.2489471160308407
2022-04-02,45821.46,1.0,1,3.2489471160308407
2022-04-03,46415.99,1.0,1,3.29110196070174
2022-04-04,46602.28,1.0,1,3.3043107575896045
2022-04-05,45498.32,1.0,1,3.226035040093623
2022-04-06,43181.76,1.0,1,3.061780541631278
2022-04-07,43461.88,1.0,1,3.0816423065366862
2022-04-08,42281.62,1.0,1,2.9979565766807075
2022-04-09,42767.81,1.0,1,3.032429629227331
2022-04-10,42155.88,1.0,1,2.9890410464821993
2022-04-11,39532.17,0.0,0,2.803008234830164
2022-04-12,40087.3,0.0,0,2.803008234830164
2022-04-13,41144.7,0.0,0,2.803008234830164
2022-04-14,39953.82,0.0,0,2.803008234830164
2022-04-15,40563.6,0.0,0,2.803008234830164
2022-04-16,40389.5,0.0,0,2.803008234830164
2022-04-17,39687.65,0.0,0,2.803008234830164
2022-04-18,40809.49,0.0,0,2.803008234830164
2022-04-19,41503.85,1.0,1,2.803008234830164
2022-04-20,41375.16,1.0,1,2.7943170139014963
2022-04-21,40481.15,0.0,0,2.733939063614462
2022-04-22,39719.22,0.0,0,2.733939063614462
2022-04-23,39440.84,0.0,0,2.733939063614462
2022-04-24,39465.69,0.0,0,2.733939063614462
2022-04-25,40440.55,0.0,0,2.733939063614462
2022-04-26,38123.48,0.0,0,2.733939063614462
2022-04-27,39252.85,0.0,0,2.733939063614462
2022-04-28,39748.89,0.0,0,2.733939063614462
2022-04-29,38592.08,0.0,0,2.733939063614462
2022-04-30,37648.79,0.0,0,2.733939063614462
2022-05-01,38479.3,0.0,0,2.733939063614462
2022-05-02,38511.75,-1.0,-1,2.733939063614462
2022-05-03,37725.77,-1.0,-1,2.7897355783202262
2022-05-04,39680.04,-1.0,-1,2.6452217208524034
2022-05-05,36541.63,-1.0,-1,2.854440015514919
2022-05-06,36010.24,-1.0,-1,2.895949408496143
2022-05-07,35461.25,-1.0,-1,2.9400992743612497
2022-05-08,34027.56,-1.0,-1,3.0589667967598957
2022-05-09,30076.35,-1.0,-1,3.4141677044072747
2022-05-10,31001.31,-1.0,-1,3.309169306667237
2022-05-11,28991.23,-1.0,-1,3.523731047443536
2022-05-12,28928.01,-1.0,-1,3.5314151048919222
2022-05-13,29234.0,-1.0,-1,3.494061076462525
2022-05-14,30040.99,-1.0,-1,3.3976092618598535
2022-05-15,31293.29,-1.0,-1,3.2559752451837354
2022-05-16,29832.75,-1.0,-1,3.4079401579366184
2022-05-17,30414.61,-1.0,-1,3.3414714596001587
2022-05-18,28672.03,-1.0,-1,3.5329183114937077
2022-05-19,30283.19,-1.0,-1,3.334393942387432
2022-05-20,29166.42,-1.0,-1,3.4573582378609276
2022-05-21,29410.96,-1.0,-1,3.4283707109897343
2022-05-22,30264.11,-1.0,-1,3.3289208979921
2022-05-23,29075.93,-1.0,-1,3.459615546953403
2022-05-24,29630.68,-1.0,-1,3.3936083126302914
2022-05-25,29511.36,-1.0,-1,3.4072740585349766
2022-05-26,29175.27,-1.0,-1,3.4460777849079056
2022-05-27,28586.94,-1.0,-1,3.51556920497685
2022-05-28,29013.09,-1.0,-1,3.4631620632295737
2022-05-29,29449.54,-1.0,-1,3.411064989719081
2022-05-30,31719.73,-1.0,-1,3.1481146811909904
2022-05-31,31775.89,-1.0,-1,3.1425409225084393
2022-06-01,29787.13,-1.0,-1,3.339223365865585
2022-06-02,30433.5,-1.0,-1,3.2667634206813885
2022-06-03,29673.24,-1.0,-1,3.3483705167501037
2022-06-04,29845.93,-1.0,-1,3.3288839320516495
2022-06-05,29899.4,-1.0,-1,3.3229201231220302
2022-06-06,31351.91,-1.0,-1,3.1614929805025804
2022-06-07,31107.6,-1.0,-1,3.186128938888101
2022-06-08,30185.45,-1.0,-1,3.2805781667615355
2022-06-09,30080.69,-1.0,-1,3.291963564983194
2022-06-10,29061.48,-1.0,-1,3.4035036322179053
2022-06-11,28387.02,-1.0,-1,3.482492281790662
2022-06-12,26565.12,-1.0,-1,3.706001219614865
2022-06-13,22458.28,-1.0,-1,4.278931213861573
2022-06-14,22109.15,-1.0,-1,4.345450255154828
2022-06-15,22560.52,-1.0,-1,4.256735588074944
2022-06-16,20375.02,-1.0,-1,4.669097343377473
2022-06-17,20441.06,-1.0,-1,4.653963753886192
2022-06-18,18951.09,-1.0,-1,4.993195984229325
2022-06-19,20552.98,-1.0,-1,4.57113315221401
2022-06-20,20552.75,-1.0,-1,4.571184305897077
2022-06-21,20702.57,-1.0,-1,4.537862495788479
2022-06-22,19961.51,-1.0,-1,4.700297806048462
2022-06-23,21096.53,-1.0,-1,4.433036861569756
2022-06-24,21216.63,-1.0,-1,4.407800117561403
2022-06-25,21481.56,-1.0,-1,4.3527603452155805
2022-06-26,21029.53,-1.0,-1,4.444354170750031
2022-06-27,20711.61,-1.0,-1,4.511542979913376
2022-06-28,20253.96,-1.0,-1,4.611231398378061
2022-06-29,20091.47,-1.0,-1,4.6482255955583875
2022-06-30,19949.77,-1.0,-1,4.681008342012014
2022-07-01,19248.11,-1.0,-1,4.845645644259416
2022-07-02,19224.84,-1.0,-1,4.8515037869104045
2022-07-03,19292.67,-1.0,-1,4.834386479205055
2022-07-04,20208.46,-1.0,-1,4.604906433478299
2022-07-05,20162.71,-1.0,-1,4.615331496512871
2022-07-06,20544.2,-1.0,-1,4.5280067860644895
2022-07-07,21621.52,-1.0,-1,4.29056204395903
2022-07-08,21589.1,-1.0,-1,4.296995450188803
2022-07-09,21582.02,-1.0,-1,4.29840462091789
2022-07-10,20843.12,-1.0,-1,4.445568379194281
2022-07-11,19946.61,-1.0,-1,4.6367823868683455
2022-07-12,19310.95,-1.0,-1,4.7845477009761925
2022-07-13,20229.58,-1.0,-1,4.5569447578507765
2022-07-14,20576.56,-1.0,-1,4.478783535913442
2022-07-15,20828.63,-1.0,-1,4.423916883475051
2022-07-16,21196.9,-1.0,-1,4.345697822947432
2022-07-17,20793.29,-1.0,-1,4.428444219746956
2022-07-18,22438.4,-1.0,-1,4.078077449007552
2022-07-19,23402.53,-1.0,-1,3.902851193529816
2022-07-20,23223.96,-1.0,-1,3.932631398389231
2022-07-21,23158.95,-1.0,-1,3.943639872706672
2022-07-22,22684.25,-1.0,-1,4.024474532636153
2022-07-23,22459.15,-1.0,-1,4.06441013629492
2022-07-24,22586.22,-1.0,-1,4.04141440422051
2022-07-25,21306.56,-1.0,-1,4.270387484111914
2022-07-26,21264.87,-1.0,-1,4.278743241879129
2022-07-27,22964.43,-1.0,-1,3.9367716773142805
2022-07-28,23855.88,-1.0,-1,3.783951201833643
2022-07-29,23789.6,-1.0,-1,3.794464345161726
2022-07-30,23645.08,-1.0,-1,3.8175154257668127
2022-07-31,23315.95,-1.0,-1,3.870653704515822
2022-08-01,23277.07,-1.0,-1,3.8771081280341257
2022-08-02,22994.19,-1.0,-1,3.9242255851392636
2022-08-03,22831.86,-1.0,-1,3.951929084990123
2022-08-04,22621.93,-1.0,-1,3.988265523318493
2022-08-05,23322.46,-1.0,-1,3.864761487763158
2022-08-06,22952.69,-1.0,-1,3.926036021209895
2022-08-07,23181.62,-1.0,-1,3.8868777601809885
2022-08-08,23820.8,-1.0,-1,3.7797060212450346
2022-08-09,23159.22,-1.0,-1,3.884680577495677
2022-08-10,23961.97,-1.0,-1,3.7500289211106757
2022-08-11,23954.9,0.0,0,3.751135370391442
2022-08-12,24413.41,0.0,0,3.751135370391442
2022-08-13,24452.44,0.0,0,3.751135370391442
2022-08-14,24314.02,0.0,0,3.751135370391442
2022-08-15,24103.81,0.0,0,3.751135370391442
2022-08-16,23865.17,0.0,0,3.751135370391442
2022-08-17,23341.6,0.0,0,3.751135370391442
2022-08-18,23196.34,0.0,0,3.751135370391442
2022-08-19,20836.46,0.0,0,3.751135370391442
2022-08-20,21140.87,0.0,0,3.751135370391442
2022-08-21,21495.97,0.0,0,3.751135370391442
2022-08-22,21404.35,0.0,0,3.751135370391442
2022-08-23,21523.0,0.0,0,3.751135370391442
2022-08-24,21370.71,0.0,0,3.751135370391442
2022-08-25,21566.32,-1.0,-1,3.751135370391442
2022-08-26,20246.01,-1.0,-1,3.9807833372620776
2022-08-27,20037.31,-1.0,-1,4.021818063733446
2022-08-28,19550.11,-1.0,-1,4.11960712626983
2022-08-29,20294.27,-1.0,-1,3.9627974285706897
2022-08-30,19811.34,-1.0,-1,4.057097630656286
2022-08-31,20053.81,-1.0,-1,4.007443015546696
2022-09-01,20127.44,-1.0,-1,3.992729201601381
2022-09-02,19954.25,-1.0,-1,4.027085322917621
2022-09-03,19835.94,-1.0,-1,4.0509621644202785
2022-09-04,20004.08,-1.0,-1,4.016624049951005
2022-09-05,19791.58,-1.0,-1,4.059291976224775
2022-09-06,18790.61,-1.0,-1,4.264592891535312
2022-09-07,19285.24,-1.0,-1,4.1523349296096415
2022-09-08,19322.2,-1.0,-1,4.14437701469656
2022-09-09,21370.03,-1.0,-1,3.7051423736098283
2022-09-10,21655.74,-1.0,-1,3.655605885941628
2022-09-11,21839.13,-1.0,-1,3.6246486633566306
2022-09-12,22403.06,-1.0,-1,3.531052988037755
2022-09-13,20174.25,-1.0,-1,3.8823463475283084
2022-09-14,20231.86,-1.0,-1,3.871259840070479
2022-09-15,19699.88,-1.0,-1,3.9730514108761636
2022-09-16,19800.14,-1.0,-1,3.952831077835839
2022-09-17,20117.0,-1.0,-1,3.8895742495849746
2022-09-18,19420.94,-1.0,-1,4.024155800122635
2022-09-19,19538.12,-1.0,-1,3.9998752773128037
2022-09-20,18876.62,-1.0,-1,4.1352986187572425
2022-09-21,18456.46,-1.0,-1,4.227343013763183
2022-09-22,19403.42,-1.0,-1,4.010447425968277
2022-09-23,19289.97,-1.0,-1,4.0338961407039315
2022-09-24,18924.36,-1.0,-1,4.110352079619481
2022-09-25,18808.52,-1.0,-1,4.135512411852809
2022-09-26,19227.65,-1.0,-1,4.043356446514767
2022-09-27,19081.15,-1.0,-1,4.074163732866163
2022-09-28,19409.26,-1.0,-1,4.004106432211292
2022-09-29,19594.92,-1.0,-1,3.9658050028830045
2022-09-30,19426.02,-1.0,-1,3.9999885803095485
2022-10-01,19315.3,-1.0,-1,4.022786803291502
2022-10-02,19057.33,-1.0,-1,4.076514071915085
2022-10-03,19634.52,-1.0,-1,3.9530485519724348
2022-10-04,20344.04,-1.0,-1,3.8101997831410355
2022-10-05,20163.1,-1.0,-1,3.8440877202843726
2022-10-06,19958.59,-1.0,-1,3.8830774777956356
2022-10-07,19532.76,-1.0,-1,3.9659255588659783
2022-10-08,19418.17,-1.0,-1,3.9891918770816557
2022-10-09,19445.94,-1.0,-1,3.9834869183534876
2022-10-10,19131.94,-1.0,-1,4.047809594056641
2022-10-11,19056.5,-1.0,-1,4.063770691351303
2022-10-12,19156.58,-1.0,-1,4.042428778051881
2022-10-13,19380.96,-1.0,-1,3.995080025340318
2022-10-14,19181.61,-1.0,-1,4.036172891898609
2022-10-15,19069.45,-1.0,-1,4.059773473474157
2022-10-16,19263.43,-1.0,-1,4.018476275160387
2022-10-17,19550.45,-1.0,-1,3.9586020440137775
2022-10-18,19331.81,-1.0,-1,4.002872572359834
2022-10-19,19125.59,-1.0,-1,4.045572784180251
2022-10-20,19044.25,-1.0,-1,4.062778365302989
2022-10-21,19166.92,-1.0,-1,4.036608732890492
2022-10-22,19206.4,-1.0,-1,4.028294130816995
2022-10-23,19572.38,-1.0,-1,3.951534556612751
2022-10-24,19332.21,-1.0,-1,4.00002329709611
2022-10-25,20086.89,-1.0,-1,3.843872625142283
2022-10-26,20774.74,0.0,0,3.712244096026819
2022-10-27,20292.62,0.0,0,3.712244096026819
2022-10-28,20599.09,0.0,0,3.712244096026819
2022-10-29,20820.06,0.0,0,3.712244096026819
2022-10-30,20628.62,0.0,0,3.712244096026819
2022-10-31,20495.81,0.0,0,3.712244096026819
2022-11-01,20480.62,-1.0,-1,3.712244096026819
2022-11-02,20153.01,-1.0,-1,3.771625515549243
2022-11-03,20206.42,0.0,0,3.7616298613623256
2022-11-04,21150.52,0.0,0,3.7616298613623256
2022-11-05,21300.78,0.0,0,3.7616298613623256
2022-11-06,20914.74,0.0,0,3.7616298613623256
2022-11-07,20570.4,-1.0,-1,3.7616298613623256
2022-11-08,18547.62,-1.0,-1,4.1315278531839
2022-11-09,15878.21,-1.0,-1,4.7261454788721355
2022-11-10,17557.04,-1.0,-1,4.226442123500534
2022-11-11,16992.47,-1.0,-1,4.362348997874841
2022-11-12,16777.14,-1.0,-1,4.4176290489629055
2022-11-13,16309.05,-1.0,-1,4.540882951685839
2022-11-14,16590.41,-1.0,-1,4.462544677703828
2022-11-15,16873.79,-1.0,-1,4.386320165424281
2022-11-16,16647.91,-1.0,-1,4.44503738301239
2022-11-17,16677.06,-1.0,-1,4.437254253495543
2022-11-18,16681.04,-1.0,-1,4.436195297544739
2022-11-19,16685.13,-1.0,-1,4.435107593254901
2022-11-20,16255.15,-1.0,-1,4.549401432316853
2022-11-21,15760.8,-1.0,-1,4.687757374776064
2022-11-22,16195.94,-1.0,-1,4.558333059762862
2022-11-23,16597.42,-1.0,-1,4.445336867085341
2022-11-24,16587.76,-1.0,-1,4.447924133909705
2022-11-25,16507.83,-1.0,-1,4.469356960043155
2022-11-26,16452.93,-1.0,-1,4.484220676055882
2022-11-27,16423.94,-1.0,-1,4.4921218558092075
2022-11-28,16209.05,-1.0,-1,4.550896550894238
2022-11-29,16433.95,-1.0,-1,4.487753020934362
2022-11-30,17167.82,-1.0,-1,4.2873491430186395
2022-12-01,16977.74,-1.0,-1,4.334818147534354
2022-12-02,17094.08,-1.0,-1,4.3051137968207644
2022-12-03,16894.08,-1.0,-1,4.35548344288327
2022-12-04,17113.75,-1.0,-1,4.298850051310709
2022-12-05,16966.51,-1.0,-1,4.335835672904749
2022-12-06,17088.31,-1.0,-1,4.304709366731009
2022-12-07,16838.69,-1.0,-1,4.367591041520582
2022-12-08,17229.24,-1.0,-1,4.26629084053904
2022-12-09,17130.84,-1.0,-1,4.290656571047701
2022-12-10,17130.07,-1.0,-1,4.290849428231571
2022-12-11,17089.92,-1.0,-1,4.300906456868552
2022-12-12,17210.86,-1.0,-1,4.270470291755217
2022-12-13,17772.5,-1.0,-1,4.13111252958288
2022-12-14,17804.11,-1.0,-1,4.123764972004592
2022-12-15,17360.37,-1.0,-1,4.226543457909101
2022-12-16,16633.41,-1.0,-1,4.403528627704537
2022-12-17,16786.54,-1.0,-1,4.362988994595006
2022-12-18,16745.81,-1.0,-1,4.373575127398421
2022-12-19,16440.54,-1.0,-1,4.4533038045505515
2022-12-20,16902.24,-1.0,-1,4.328241588433502
2022-12-21,16825.25,-1.0,-1,4.3479568048718855
2022-12-22,16819.09,-1.0,-1,4.34954866317521
2022-12-23,16779.05,-1.0,-1,4.3599033213923635
2022-12-24,16840.65,-1.0,-1,4.343897049011162
2022-12-25,16828.91,-1.0,-1,4.346925278405835
2022-12-26,16914.61,-1.0,-1,4.324788877631252
2022-12-27,16697.6,-1.0,-1,4.380274782085139
2022-12-28,16538.67,-1.0,-1,4.421966825918791
2022-12-29,16629.82,-1.0,-1,4.397595925708406
2022-12-30,16597.22,-1.0,-1,4.406216682107338
2022-12-31,16528.89,-1.0,-1,4.424356875819803
2023-01-01,16613.48,-1.0,-1,4.401714317963492
2023-01-02,16668.94,-1.0,-1,4.387020281790802
2023-01-03,16670.73,-1.0,-1,4.386549180070812
2023-01-04,16849.16,-1.0,-1,4.339599108286311
2023-01-05,16825.82,-1.0,-1,4.3456104609702075
2023-01-06,16950.52,-1.0,-1,4.313404148024806
2023-01-07,16944.73,-1.0,-1,4.314877531143264
2023-01-08,17124.86,0.0,0,4.269008468037222
2023-01-09,17179.7,0.0,0,4.269008468037222
2023-01-10,17443.89,0.0,0,4.269008468037222
2023-01-11,17941.69,0.0,0,4.269008468037222
2023-01-12,18852.7,0.0,0,4.269008468037222
2023-01-13,19932.48,0.0,0,4.269008468037222
2023-01-14,20959.43,0.0,0,4.269008468037222
2023-01-15,20884.18,0.0,0,4.269008468037222
2023-01-16,21189.86,1.0,1,4.269008468037222
2023-01-17,21140.12,1.0,1,4.25898761461015
2023-01-18,20676.07,1.0,1,4.165497927580945
2023-01-19,21085.41,1.0,1,4.247965481699111
2023-01-20,22679.14,1.0,1,4.569045793969459
2023-01-21,22785.95,1.0,1,4.5905642369639414
2023-01-22,22717.7,1.0,1,4.576814272219316
2023-01-23,22921.29,1.0,1,4.617830467418703
2023-01-24,22638.0,1.0,1,4.5607575368325515
2023-01-25,23056.8,1.0,1,4.645130946869898
2023-01-26,23011.11,1.0,1,4.635926025416683
2023-01-27,23080.06,1.0,1,4.649817015440741
2023-01-28,23031.1,1.0,1,4.639953304467893
2023-01-29,23750.97,1.0,1,4.784981687188966
2023-01-30,22832.84,1.0,1,4.6000109160390386
2023-01-31,23132.21,1.0,1,4.660323398758429
2023-02-01,23729.85,1.0,1,4.780726753043817
2023-02-02,23491.99,1.0,1,4.732806363092807
2023-02-03,23437.07,1.0,1,4.721741922597937
2023-02-04,23332.69,1.0,1,4.700713038787769
2023-02-05,22938.34,1.0,1,4.621265440296298
2023-02-06,22764.17,1.0,1,4.586176336126754
2023-02-07,23250.93,1.0,1,4.684241286150105
2023-02-08,22966.38,1.0,1,4.626914510060976
2023-02-09,21797.75,1.0,1,4.391476835342863
2023-02-10,21635.15,1.0,1,4.358718677577647
2023-02-11,21864.96,1.0,1,4.405017276815189
2023-02-12,21787.3,1.0,1,4.389371529385628
2023-02-13,21789.63,1.0,1,4.389840942101452
2023-02-14,22211.03,1.0,1,4.474738160319547
2023-02-15,24330.81,1.0,1,4.901798970083083
2023-02-16,23519.85,1.0,1,4.738419169214201
2023-02-17,24578.37,1.0,1,4.951673567477652
2023-02-18,24638.27,1.0,1,4.963741302103338
2023-02-19,24288.51,1.0,1,4.893277013911688
2023-02-20,24841.34,1.0,1,5.004652735666576
2023-02-21,24449.26,1.0,1,4.925662462009834
2023-02-22,24186.54,1.0,1,4.872733659992136
2023-02-23,23943.19,1.0,1,4.823707228921007
2023-02-24,23190.5,1.0,1,4.6720667752414204
2023-02-25,23164.72,1.0,1,4.666873015664623
2023-02-26,23558.98,1.0,1,4.746302482334452
2023-02-27,23492.91,1.0,1,4.732991710602916
2023-02-28,23136.03,1.0,1,4.661092993854758
2023-03-01,23638.25,1.0,1,4.762272587906708
2023-03-02,23467.3,1.0,1,4.727832200022552
2023-03-03,22394.0,1.0,1,4.511600153716237
2023-03-04,22349.12,1.0,1,4.502558418657793
2023-03-05,22428.98,1.0,1,4.518647388394141
2023-03-06,22417.1,1.0,1,4.516253987937494
2023-03-07,22201.83,1.0,1,4.472884685218441
2023-03-08,21701.47,1.0,1,4.37207981548041
2023-03-09,20346.9,1.0,1,4.099181797251446
2023-03-10,20222.68,1.0,1,4.074155854092804
2023-03-11,20726.52,1.0,1,4.175661820934296
2023-03-12,22243.34,1.0,1,4.48124748428876
2023-03-13,24218.48,1.0,1,4.879168442027935
2023-03-14,24758.48,1.0,1,4.987959371875518
2023-03-15,24376.05,1.0,1,4.91091323242809
2023-03-16,25051.83,1.0,1,5.047059037191793
2023-03-17,27454.54,1.0,1,5.531120250254913
2023-03-18,26976.15,1.0,1,5.4347415596442
2023-03-19,28051.94,1.0,1,5.651475253015923
2023-03-20,27806.91,1.0,1,5.602110361274158
2023-03-21,28190.61,1.0,1,5.679412360871412
2023-03-22,27319.63,1.0,1,5.503940649614657
2023-03-23,28342.19,1.0,1,5.7099503778089975
2023-03-24,27493.31,1.0,1,5.538931036088598
2023-03-25,27492.9,1.0,1,5.538848435567788
2023-03-26,28001.0,1.0,1,5.641212641966967
2023-03-27,27140.89,1.0,1,5.467930851835106
2023-03-28,27274.78,1.0,1,5.494904958496759
2023-03-29,28349.29,1.0,1,5.711380777071808
2023-03-30,28012.29,1.0,1,5.64348717825952
2023-03-31,28475.84,1.0,1,5.736876132946274
2023-04-01,28469.31,1.0,1,5.735560568553859
2023-04-02,28189.84,1.0,1,5.679257233064036
2023-04-03,27811.63,1.0,1,5.603061274586899
2023-04-04,28177.64,1.0,1,5.676799363908222
2023-04-05,28180.65,1.0,1,5.67740577260978
2023-04-06,28048.62,1.0,1,5.650806390262045
2023-04-07,27928.24,1.0,1,5.626554071493431
2023-04-08,27961.12,1.0,1,5.633178230333039
2023-04-09,28336.98,1.0,1,5.708900746800655
2023-04-10,29655.48,1.0,1,5.97453193384517
2023-04-11,30232.31,1.0,1,6.090742808037728
2023-04-12,29905.89,1.0,1,6.024980705591712
2023-04-13,30407.47,1.0,1,6.126031362245324
2023-04-14,30495.03,1.0,1,6.143671610055424
2023-04-15,30324.64,1.0,1,6.109344042394814
2023-04-16,30325.58,1.0,1,6.109533419198624
2023-04-17,29450.35,1.0,1,5.933205483031031
2023-04-18,30394.56,1.0,1,6.123430453163229
2023-04-19,28821.81,1.0,1,5.806576869982144
2023-04-20,28248.1,1.0,1,5.690994565606482
2023-04-21,27263.11,1.0,1,5.492553865623945
2023-04-22,27822.84,1.0,1,5.605319693704661
2023-04-23,27596.46,1.0,1,5.559712118336336
2023-04-24,27522.0,1.0,1,5.544711057898464
2023-04-25,28306.95,1.0,1,5.7028507623130205
2023-04-26,28430.87,1.0,1,5.727816266066192
2023-04-27,29484.15,1.0,1,5.940014989380751
2023-04-28,29337.1,1.0,1,5.910389607465774
2023-04-29,29250.74,1.0,1,5.892991117277558
2023-04-30,29248.47,1.0,1,5.892533792442828
2023-05-01,28084.93,1.0,1,5.658121572970872
2023-05-02,28698.86,1.0,1,5.781806786973329
2023-05-03,29044.22,1.0,1,5.851384630551405
2023-05-04,28870.25,1.0,1,5.816335819318842
2023-05-05,29554.64,1.0,1,5.954216235019558
2023-05-06,28962.11,1.0,1,5.8348423652740244
2023-05-07,28594.28,1.0,1,5.760737610226179
2023-05-08,27810.71,1.0,1,5.60287592707679
2023-05-09,27695.74,1.0,1,5.5797135322535
2023-05-10,27620.45,1.0,1,5.5645452561271584
2023-05-11,26993.22,1.0,1,5.438180561815493
2023-05-12,26809.46,0.0,0,5.40115941131773
2023-05-13,26788.7,0.0,0,5.40115941131773
2023-05-14,26930.75,0.0,0,5.40115941131773
2023-05-15,27175.18,0.0,0,5.40115941131773
2023-05-16,27041.17,0.0,0,5.40115941131773
2023-05-17,27409.77,0.0,0,5.40115941131773
2023-05-18,26829.1,0.0,0,5.40115941131773
2023-05-19,26895.42,0.0,0,5.40115941131773
2023-05-20,27116.5,0.0,0,5.40115941131773
2023-05-21,26753.31,0.0,0,5.40115941131773
2023-05-22,26858.63,0.0,0,5.40115941131773
2023-05-23,27228.43,0.0,0,5.40115941131773
2023-05-24,26329.53,0.0,0,5.40115941131773
2023-05-25,26482.89,0.0,0,5.40115941131773
2023-05-26,26718.79,0.0,0,5.40115941131773
2023-05-27,26874.67,0.0,0,5.40115941131773
2023-05-28,28082.01,0.0,0,5.40115941131773
2023-05-29,27751.78,0.0,0,5.40115941131773
2023-05-30,27707.09,0.0,0,5.40115941131773
2023-05-31,27219.57,0.0,0,5.40115941131773
2023-06-01,26825.56,0.0,0,5.40115941131773
2023-06-02,27252.22,0.0,0,5.40115941131773
2023-06-03,27075.63,0.0,0,5.40115941131773
2023-06-04,27123.99,0.0,0,5.40115941131773
2023-06-05,25732.88,0.0,0,5.40115941131773
2023-06-06,27238.18,0.0,0,5.40115941131773
2023-06-07,26351.68,0.0,0,5.40115941131773
2023-06-08,26512.76,0.0,0,5.40115941131773
2023-06-09,26488.23,0.0,0,5.40115941131773
2023-06-10,25858.78,0.0,0,5.40115941131773
2023-06-11,25940.01,0.0,0,5.40115941131773
2023-06-12,25912.41,0.0,0,5.40115941131773
2023-06-13,25936.28,0.0,0,5.40115941131773
2023-06-14,25130.06,-1.0,-1,5.40115941131773
2023-06-15,25582.77,-1.0,-1,5.303859250589994
2023-06-16,26336.15,-1.0,-1,5.147667349470237
2023-06-17,26515.09,-1.0,-1,5.112691713490255
2023-06-18,26342.29,-1.0,-1,5.146011348765532
2023-06-19,26844.45,0.0,0,5.04791353498791
2023-06-20,28317.58,0.0,0,5.04791353498791
2023-06-21,30002.77,0.0,0,5.04791353498791
2023-06-22,29898.58,0.0,0,5.04791353498791
2023-06-23,30705.83,0.0,0,5.04791353498791
2023-06-24,30548.39,0.0,0,5.04791353498791
2023-06-25,30473.14,0.0,0,5.04791353498791
2023-06-26,30274.34,0.0,0,5.04791353498791
2023-06-27,30700.05,0.0,0,5.04791353498791
2023-06-28,30083.26,0.0,0,5.04791353498791
2023-06-29,30453.02,1.0,1,5.04791353498791
2023-06-30,30477.68,1.0,1,5.052001193544362
2023-07-01,30594.48,1.0,1,5.071362041857158
2023-07-02,30625.3,1.0,1,5.076470786249285
2023-07-03,31160.43,1.0,1,5.165174303009793
2023-07-04,30776.54,1.0,1,5.101540432643356
2023-07-05,30507.27,1.0,1,5.056906052290728
2023-07-06,29911.02,1.0,1,4.958071242303523
2023-07-07,30352.3,1.0,1,5.031218118531873
2023-07-08,30299.25,1.0,1,5.022424514054186
2023-07-09,30174.62,1.0,1,5.001765759557405
2023-07-10,30423.95,1.0,1,5.043094871799099
2023-07-11,30631.36,1.0,1,5.077475296016199
2023-07-12,30396.78,1.0,1,5.038591153916746
2023-07-13,31482.21,1.0,1,5.218512777068799
2023-07-14,30333.56,1.0,1,5.02811176324607
2023-07-15,30299.26,1.0,1,5.022426171661062
2023-07-16,30250.49,1.0,1,5.014342022926344
2023-07-17,30154.32,1.0,1,4.998400817598931
2023-07-18,29868.81,1.0,1,4.951074483679524
2023-07-19,29921.83,1.0,1,4.959863115336583
2023-07-20,29813.01,1.0,1,4.94182503731091
2023-07-21,29917.77,1.0,1,4.959190126944888
2023-07-22,29792.96,1.0,1,4.938501535524337
2023-07-23,30092.75,1.0,1,4.988194932062809
2023-07-24,29189.1,1.0,1,4.838405286704424
2023-07-25,29236.54,1.0,1,4.846268973724622
2023-07-26,29358.33,1.0,1,4.866456967868592
2023-07-27,29225.73,1.0,1,4.844477100691563
2023-07-28,29328.09,1.0,1,4.861444364675278
2023-07-29,29369.53,1.0,1,4.868313487569818
2023-07-30,29288.27,1.0,1,4.854843774094665
2023-07-31,29240.57,1.0,1,4.8469369892956875
2023-08-01,29705.37,1.0,1,4.923982556896614
2023-08-02,29169.38,1.0,1,4.835136485944762
2023-08-03,29185.84,1.0,1,4.837864906862816
2023-08-04,29086.35,1.0,1,4.82137337605254
2023-08-05,29054.56,1.0,1,4.8161038437934325
2023-08-06,29053.48,1.0,1,4.815924822250814
2023-08-07,29190.55,1.0,1,4.838645639701457
2023-08-08,29774.15,1.0,1,4.9353835769904
2023-08-09,29573.89,1.0,1,4.902188341689707
2023-08-10,29433.51,1.0,1,4.878918856363076
2023-08-11,29407.86,1.0,1,4.874667094725891
2023-08-12,29422.34,1.0,1,4.877067309482478
2023-08-13,29289.76,1.0,1,4.855090757519202
2023-08-14,29419.22,1.0,1,4.876550136137136
2023-08-15,29176.89,1.0,1,4.836381348708709
2023-08-16,28707.5,0.0,0,4.758574939551655
2023-08-17,26635.04,0.0,0,4.758574939551655
2023-08-18,26053.12,0.0,0,4.758574939551655
2023-08-19,26097.91,0.0,0,4.758574939551655
2023-08-20,26196.16,0.0,0,4.758574939551655
2023-08-21,26129.39,0.0,0,4.758574939551655
2023-08-22,26046.38,-1.0,-1,4.758574939551655
2023-08-23,26434.24,-1.0,-1,4.68771438710427
2023-08-24,26172.62,-1.0,-1,4.734108754332314
2023-08-25,26056.55,-1.0,-1,4.755103519209325
2023-08-26,26016.25,-1.0,-1,4.762457933812338
2023-08-27,26097.39,-1.0,-1,4.747604684910228
2023-08-28,26115.16,-1.0,-1,4.744371988642484
2023-08-29,27731.92,-1.0,-1,4.450653288226419
2023-08-30,27309.12,-1.0,-1,4.518507811471189
2023-08-31,25941.91,-1.0,-1,4.744723415083518
2023-09-01,25804.3,-1.0,-1,4.769892008650825
2023-09-02,25869.38,-1.0,-1,4.757862053491297
2023-09-03,25972.31,-1.0,-1,4.738931304429438
2023-09-04,25816.11,-1.0,-1,4.767431698493419
2023-09-05,25787.15,-1.0,-1,4.772779708785766
2023-09-06,25760.61,-1.0,-1,4.777691828716475
2023-09-07,26256.68,-1.0,-1,4.685688200484404
2023-09-08,25909.39,-1.0,-1,4.747664530132564
2023-09-09,25899.53,-1.0,-1,4.74947128715259
2023-09-10,25839.44,-1.0,-1,4.760490627258184
2023-09-11,25163.39,-1.0,-1,4.885041689067491
2023-09-12,25842.0,-1.0,-1,4.753301166800098
2023-09-13,26230.44,-1.0,-1,4.681852660290082
2023-09-14,26535.32,-1.0,-1,4.627434844993456
2023-09-15,26611.11,-1.0,-1,4.614217997150578
2023-09-16,26571.3,-1.0,-1,4.621120829030443
2023-09-17,26538.19,-1.0,-1,4.6268791212724185
2023-09-18,26770.2,-1.0,-1,4.586428652535612
2023-09-19,27225.68,-1.0,-1,4.508393130848926
2023-09-20,27132.76,-1.0,-1,4.523780070301623
2023-09-21,26572.29,-1.0,-1,4.617225890631067
2023-09-22,26587.3,-1.0,-1,4.614617739033355
2023-09-23,26588.1,-1.0,-1,4.6144788872435445
2023-09-24,26262.39,-1.0,-1,4.671007255888318
2023-09-25,26303.22,-1.0,-1,4.663745265404667
2023-09-26,26218.84,-1.0,-1,4.678706430824523
2023-09-27,26367.38,-1.0,-1,4.652199725980423
2023-09-28,27031.49,-1.0,-1,4.53502568896875
2023-09-29,26916.78,-1.0,-1,4.554270384573084
2023-09-30,26969.98,-1.0,-1,4.545269041007498
2023-10-01,27995.39,-1.0,-1,4.372455997492468
2023-10-02,27510.99,-1.0,-1,4.448111942460026
2023-10-03,27430.79,-1.0,-1,4.461079072242899
2023-10-04,27797.44,-1.0,-1,4.401450653162083
2023-10-05,27415.44,-1.0,-1,4.461936588180126
2023-10-06,27945.74,-1.0,-1,4.375628837047482
2023-10-07,27971.96,-1.0,-1,4.371523417469851
2023-10-08,27932.56,-1.0,-1,4.377680941742312
2023-10-09,27598.69,-1.0,-1,4.430006125542849
2023-10-10,27399.9,-1.0,-1,4.461914919681146
2023-10-11,26876.35,-1.0,-1,4.547172002962437
2023-10-12,26765.6,-1.0,-1,4.56590964030263
2023-10-13,26868.36,-1.0,-1,4.548379942681897
2023-10-14,26858.75,-1.0,-1,4.5500067606659185
2023-10-15,27174.56,0.0,0,4.496506965065382
2023-10-16,28519.76,0.0,0,4.496506965065382
2023-10-17,28410.66,0.0,0,4.496506965065382
2023-10-18,28330.4,0.0,0,4.496506965065382
2023-10-19,28736.56,0.0,0,4.496506965065382
2023-10-20,29685.66,0.0,0,4.496506965065382
2023-10-21,29923.51,0.0,0,4.496506965065382
2023-10-22,30004.11,0.0,0,4.496506965065382
2023-10-23,33082.5,1.0,1,4.496506965065382
2023-10-24,33927.73,1.0,1,4.611388929308781
2023-10-25,34499.56,1.0,1,4.689110914582968
2023-10-26,34164.73,1.0,1,4.643601493374994
2023-10-27,33915.05,1.0,1,4.609665489172242
2023-10-28,34093.13,1.0,1,4.633869765159209
2023-10-29,34538.5,1.0,1,4.69440356118524
2023-10-30,34496.72,1.0,1,4.688724907486141
2023-10-31,34660.4,1.0,1,4.7109719643906045
2023-11-01,35442.2,1.0,1,4.8172326504115555
2023-11-02,34939.68,1.0,1,4.748931141151837
2023-11-03,34737.62,1.0,1,4.721467551720533
2023-11-04,35091.58,1.0,1,4.769577084112418
2023-11-05,35051.1,1.0,1,4.764075123802712
2023-11-06,35045.77,1.0,1,4.763350680906202
2023-11-07,35433.57,1.0,1,4.816059678141971
2023-11-08,35633.63,1.0,1,4.843251431589594
2023-11-09,36698.15,1.0,1,4.987938852263709
2023-11-10,37314.13,1.0,1,5.071661616877658
2023-11-11,37142.98,1.0,1,5.048399252574146
2023-11-12,37067.98,1.0,1,5.0382054031861045
2023-11-13,36489.44,1.0,1,4.959571408186666
2023-11-14,35551.12,1.0,1,4.83203683808283
2023-11-15,37881.01,1.0,1,5.148710808092236
2023-11-16,36161.56,1.0,1,4.915006617021982
2023-11-17,36627.85,1.0,1,4.978383817437317
2023-11-18,36588.0,1.0,1,4.972967485462471
2023-11-19,37390.02,1.0,1,5.081976433278437
2023-11-20,37471.79,1.0,1,5.093090447471241
2023-11-21,35760.5,1.0,1,4.860495347214406
2023-11-22,37420.85,1.0,1,5.086166784966882
2023-11-23,37296.49,1.0,1,5.0692640235015896
2023-11-24,37726.56,1.0,1,5.1277182742524605
2023-11-25,37799.05,1.0,1,5.137570969480984
2023-11-26,37458.92,1.0,1,5.091341182916253
2023-11-27,37249.68,1.0,1,5.062901702303534
2023-11-28,37831.24,1.0,1,5.14194616963833
2023-11-29,37857.71,1.0,1,5.14554391888235
2023-11-30,37723.24,1.0,1,5.127267026519549
2023-12-01,38694.14,1.0,1,5.259229804797551
2023-12-02,39467.01,1.0,1,5.3642767431513665
2023-12-03,39972.23,1.0,1,5.432945230989055
2023-12-04,41974.74,1.0,1,5.705122368829697
2023-12-05,44088.05,1.0,1,5.992359220166274
2023-12-06,43775.94,1.0,1,5.949937855732917
2023-12-07,43288.41,1.0,1,5.883673757170888
2023-12-08,44184.59,1.0,1,6.005480743098562
2023-12-09,43723.46,1.0,1,5.942804879521123
2023-12-10,43794.17,1.0,1,5.952415640724169
2023-12-11,41248.85,1.0,1,5.606460857732551
2023-12-12,41476.57,1.0,1,5.637412102834484
2023-12-13,42888.41,1.0,1,5.829306560434664
2023-12-14,43034.72,1.0,1,5.849192721820857
2023-12-15,41944.05,1.0,1,5.700951045660111
2023-12-16,42260.7,1.0,1,5.743989477776424
2023-12-17,41362.47,1.0,1,5.621903859965477
2023-12-18,42654.53,1.0,1,5.797518060502994
2023-12-19,42276.81,1.0,1,5.746179116624977
2023-12-20,43664.69,1.0,1,5.934816979140657
2023-12-21,43876.91,1.0,1,5.963661495369061
2023-12-22,44012.68,1.0,1,5.982115081121254
2023-12-23,43752.61,1.0,1,5.946766888983279
2023-12-24,43028.98,1.0,1,5.8484125525476935
2023-12-25,43606.44,1.0,1,5.926899756115944
2023-12-26,42528.16,1.0,1,5.780342103874103
2023-12-27,43473.63,1.0,1,5.908848487619598
2023-12-28,42599.41,1.0,1,5.790026260792743
2023-12-29,42093.09,1.0,1,5.721208263164029
2023-12-30,42159.51,1.0,1,5.73023593618208
2023-12-31,42278.29,1.0,1,5.746380275252902
2024-01-01,44190.9,1.0,1,6.006338385627078
2024-01-02,44977.2,1.0,1,6.113210702611311
2024-01-03,42861.49,1.0,1,5.825647648094316
2024-01-04,44203.8,1.0,1,6.008091727721821
2024-01-05,44185.37,1.0,1,6.0055867591322
2024-01-06,43992.36,1.0,1,5.979353227527053
2024-01-07,43942.3,1.0,1,5.972549172855515
2024-01-08,46981.38,1.0,1,6.385614823498328
2024-01-09,46122.45,1.0,1,6.268870782766714
2024-01-10,46666.23,1.0,1,6.342780268369776
2024-01-11,46346.52,1.0,1,6.299325927198429
2024-01-12,42790.03,1.0,1,5.8159349483973894
2024-01-13,42839.31,1.0,1,5.822632987035292
2024-01-14,41715.61,1.0,1,5.6699019396040535
2024-01-15,42502.39,1.0,1,5.77683949722437
2024-01-16,43139.79,1.0,1,5.863473625223544
2024-01-17,42750.82,1.0,1,5.81060560393732
2024-01-18,41294.55,1.0,1,5.612672309959666
2024-01-19,41644.74,1.0,1,5.660269431522312
2024-01-20,41691.92,1.0,1,5.666682042377349
2024-01-21,41586.94,0.0,0,5.652413371593928
2024-01-22,39540.57,0.0,0,5.652413371593928
2024-01-23,39882.07,0.0,0,5.652413371593928
2024-01-24,40090.15,0.0,0,5.652413371593928
2024-01-25,39945.87,1.0,1,5.652413371593928
2024-01-26,41817.0,1.0,1,5.917181675100411
2024-01-27,42126.46,1.0,1,5.960970828822022
2024-01-28,42032.37,1.0,1,5.947656922424859
2024-01-29,43297.42,1.0,1,6.126663801877852
2024-01-30,42950.2,1.0,1,6.077531539371494
2024-01-31,42562.95,1.0,1,6.022734958945288
2024-02-01,43078.25,1.0,1,6.0956508476312115
2024-02-02,43187.89,0.0,0,6.111165107354721
2024-02-03,42997.87,0.0,0,6.111165107354721
2024-02-04,42578.24,0.0,0,6.111165107354721
2024-02-05,42668.42,0.0,0,6.111165107354721
2024-02-06,43093.45,1.0,1,6.111165107354721
2024-02-07,44337.8,1.0,1,6.287628776458422
2024-02-08,45303.45,1.0,1,6.424569462013118
2024-02-09,47149.6,1.0,1,6.686375547693029
2024-02-10,47776.32,1.0,1,6.775251917444844
2024-02-11,48311.33,1.0,1,6.8511227155379615
2024-02-12,49942.38,1.0,1,7.082425056110621
2024-02-13,49744.44,1.0,1,7.0543548036395425
2024-02-14,51829.17,1.0,1,7.34999437843004
2024-02-15,51929.1,1.0,1,7.364165644113757
2024-02-16,52160.74,1.0,1,7.397014958463562
2024-02-17,51666.81,1.0,1,7.326969794257036
2024-02-18,52127.48,1.0,1,7.392298293831916
2024-02-19,51769.54,1.0,1,7.34153813333127
2024-02-20,52247.41,1.0,1,7.409305798019329
2024-02-21,51855.14,1.0,1,7.353677234127089
2024-02-22,51272.95,1.0,1,7.271115749403752
2024-02-23,50741.61,1.0,1,7.195765401076064
2024-02-24,51579.29,1.0,1,7.314558414564864
2024-02-25,51725.45,1.0,1,7.335285645549874
2024-02-26,54496.22,1.0,1,7.728213873494149
2024-02-27,57054.17,1.0,1,8.090961687520597
2024-02-28,62472.68,1.0,1,8.859371022253661
2024-02-29,61165.98,1.0,1,8.674065379614689
2024-03-01,62415.76,1.0,1,8.851299087472142
2024-03-02,62020.87,1.0,1,8.795298976335918
2024-03-03,63148.92,1.0,1,8.955269918540626
2024-03-04,68285.06,1.0,1,9.68363581995926
2024-03-05,63792.77,1.0,1,9.046575526570857
2024-03-06,66103.55,1.0,1,9.37427168704938
2024-03-07,66885.68,1.0,1,9.485187048094163
2024-03-08,68227.79,1.0,1,9.675514251003928
2024-03-09,68401.77,1.0,1,9.70018668974758
2024-03-10,69012.3,1.0,1,9.786767124430654
2024-03-11,72066.5,1.0,1,10.219889106330056
2024-03-12,71413.66,1.0,1,10.127308609092415
2024-03-13,73084.11,1.0,1,10.364198339517356
2024-03-14,71364.95,1.0,1,10.120400950216663
2024-03-15,69507.92,1.0,1,9.857051950790742
2024-03-16,65263.96,1.0,1,9.255207812783478
2024-03-17,68376.06,1.0,1,9.69654070515108
2024-03-18,67608.76,1.0,1,9.587728414956786
2024-03-19,61935.42,1.0,1,8.783181147328879
2024-03-20,67877.2,1.0,1,9.625796408153393
2024-03-21,65511.65,1.0,1,9.2903332085325
2024-03-22,63814.92,1.0,1,9.049716660713703
2024-03-23,64017.09,1.0,1,9.078386777628314
2024-03-24,67216.71,1.0,1,9.532131049688092
2024-03-25,69890.57,1.0,1,9.911316283962709
2024-03-26,69993.63,1.0,1,9.925931420972255
2024-03-27,69440.32,1.0,1,9.847465464648256
2024-03-28,70780.6,1.0,1,10.037533151734932
2024-03-29,69896.46,1.0,1,9.912151556202048
2024-03-30,69640.22,1.0,1,9.875813668492695
2024-03-31,71320.68,1.0,1,10.114122936288735
2024-04-01,69688.23,1.0,1,9.882622059020816
2024-04-02,65471.44,1.0,1,9.284630951020823
2024-04-03,65983.36,1.0,1,9.357227311761424
2024-04-04,68523.16,1.0,1,9.717401239345769
2024-04-05,67847.25,1.0,1,9.621549140994112
2024-04-06,68906.37,1.0,1,9.77174498719583
2024-04-07,69359.11,1.0,1,9.835948918203995
2024-04-08,71640.13,1.0,1,10.159424755789017
2024-04-09,69144.23,1.0,1,9.805476371720284
2024-04-10,70641.06,1.0,1,10.017744715694642
2024-04-11,70046.53,1.0,1,9.933433271814526
2024-04-12,67141.2,1.0,1,9.521422831217384
2024-04-13,64031.79,1.0,1,9.08047141292853
2024-04-14,65754.76,1.0,1,9.324809105664176
2024-04-15,63446.65,1.0,1,8.9974915830259
2024-04-16,63837.89,1.0,1,9.052974080635197
2024-04-17,61304.19,1.0,1,8.693665205794481
2024-04-18,63516.74,1.0,1,9.007431180862099
2024-04-19,63846.37,1.0,1,9.054176645760764
2024-04-20,64999.39,1.0,1,9.217688631737337
2024-04-21,64966.88,1.0,1,9.213078326049578
2024-04-22,66859.89,1.0,1,9.481529718543648
2024-04-23,66428.24,1.0,1,9.420316601037632
2024-04-24,64287.77,1.0,1,9.116772429537331
2024-04-25,64505.39,1.0,1,9.147633540696047
2024-04-26,63778.3,0.0,0,9.044523508013434
2024-04-27,63462.5,0.0,0,9.044523508013434
2024-04-28,63134.46,0.0,0,9.044523508013434
2024-04-29,63864.74,0.0,0,9.044523508013434
2024-04-30,60675.03,0.0,0,9.044523508013434
2024-05-01,58308.7,0.0,0,9.044523508013434
2024-05-02,59122.5,0.0,0,9.044523508013434
2024-05-03,62932.96,0.0,0,9.044523508013434
2024-05-04,63920.05,0.0,0,9.044523508013434
2024-05-05,64072.99,0.0,0,9.044523508013434
2024-05-06,63191.99,0.0,0,9.044523508013434
2024-05-07,62348.69,0.0,0,9.044523508013434
2024-05-08,61210.41,0.0,0,9.044523508013434
2024-05-09,63102.37,0.0,0,9.044523508013434
2024-05-10,60795.52,0.0,0,9.044523508013434
2024-05-11,60841.16,0.0,0,9.044523508013434
2024-05-12,61492.91,0.0,0,9.044523508013434
2024-05-13,62949.09,0.0,0,9.044523508013434
2024-05-14,61579.86,1.0,1,9.044523508013434
2024-05-15,66259.92,1.0,1,9.731905919875254
2024-05-16,65261.65,1.0,1,9.585285312385329
2024-05-17,67081.21,1.0,1,9.85253264283137
2024-05-18,66942.22,1.0,1,9.832118528177995
2024-05-19,66284.51,1.0,1,9.735517568766012
2024-05-20,71417.32,1.0,1,10.4893975013798
2024-05-21,70142.99,1.0,1,10.302230664008512
2024-05-22,69140.73,1.0,1,10.155024026462703
2024-05-23,67971.06,1.0,1,9.983229095268998
2024-05-24,68559.73,1.0,1,10.06968982534312
2024-05-25,69296.34,1.0,1,10.177879198642081
2024-05-26,68506.03,1.0,1,10.06180265391434
2024-05-27,69407.63,1.0,1,10.194224884085454
2024-05-28,68351.97,1.0,1,10.039175137521083
2024-05-29,67607.21,1.0,1,9.929788735411236
2024-05-30,68363.65,1.0,1,10.040890634025516
2024-05-31,67507.38,1.0,1,9.91512623403814
2024-06-01,67729.62,1.0,1,9.947767667526636
2024-06-02,67758.16,1.0,1,9.951959471485246
2024-06-03,68812.75,1.0,1,10.106852062119845
2024-06-04,70567.23,1.0,1,10.364540787042886
2024-06-05,71111.18,1.0,1,10.444433280500713
2024-06-06,70784.19,1.0,1,10.39640672211157
2024-06-07,69340.38,1.0,1,10.184347560461886
2024-06-08,69309.89,1.0,1,10.179869350836865
2024-06-09,69643.44,1.0,1,10.228859407262748
2024-06-10,69512.71,1.0,1,10.209658477637339
2024-06-11,67325.53,1.0,1,9.888417069711812
2024-06-12,68247.83,1.0,1,10.023879606187874
2024-06-13,66751.09,1.0,1,9.804046366628965
2024-06-14,66007.62,1.0,1,9.69484943288305
2024-06-15,66200.27,1.0,1,9.723144843977177
2024-06-16,66640.79,1.0,1,9.787846087139307
2024-06-17,66503.35,1.0,1,9.767659628272053
2024-06-18,65180.13,1.0,1,9.573312086782455
2024-06-19,64977.45,1.0,1,9.543543522440084
2024-06-20,64881.55,1.0,1,9.529458238640828
2024-06-21,64136.8,1.0,1,9.420073305277988
2024-06-22,64272.75,1.0,1,9.440040920841168
2024-06-23,63198.38,0.0,0,9.282243148626286
2024-06-24,60296.0,0.0,0,9.282243148626286
2024-06-25,61812.68,0.0,0,9.282243148626286
2024-06-26,60840.45,0.0,0,9.282243148626286
2024-06-27,61669.87,0.0,0,9.282243148626286
2024-06-28,60373.74,0.0,0,9.282243148626286
2024-06-29,60927.92,-1.0,-1,9.282243148626286
2024-06-30,62722.89,-1.0,-1,9.00878316534621
2024-07-01,62867.66,-1.0,-1,8.987990093808099
2024-07-02,62078.03,-1.0,-1,9.100880992209179
2024-07-03,60182.9,-1.0,-1,9.378714431749147
2024-07-04,57056.56,-1.0,-1,9.865913454670187
2024-07-05,56670.13,-1.0,-1,9.932732851708638
2024-07-06,58264.16,-1.0,-1,9.653342736534926
2024-07-07,55891.87,-1.0,-1,10.046389309942223
2024-07-08,56745.43,-1.0,-1,9.892964562131956
2024-07-09,58071.87,-1.0,-1,9.661713800373796
2024-07-10,57774.17,-1.0,-1,9.711243670832097
2024-07-11,57374.19,-1.0,-1,9.778476194353585
2024-07-12,57940.86,-1.0,-1,9.68189672011518
2024-07-13,59263.85,-1.0,-1,9.46082557029543
2024-07-14,60846.86,-1.0,-1,9.208115334864669
2024-07-15,64793.09,-1.0,-1,8.610921971428938
2024-07-16,65111.67,-1.0,-1,8.568583081253184
2024-07-17,64125.2,-1.0,-1,8.698400825939565
2024-07-18,63988.89,-1.0,-1,8.716890889387066
2024-07-19,66727.63,0.0,0,8.343805846742946
2024-07-20,67180.98,0.0,0,8.343805846742946
2024-07-21,68185.35,0.0,0,8.343805846742946
2024-07-22,67603.33,0.0,0,8.343805846742946
2024-07-23,65971.26,-1.0,-1,8.343805846742946
2024-07-24,65397.85,-1.0,-1,8.416328665172983
2024-07-25,65808.95,0.0,0,8.36342245014829
2024-07-26,67955.2,0.0,0,8.36342245014829
2024-07-27,67928.8,0.0,0,8.36342245014829
2024-07-28,68294.33,0.0,0,8.36342245014829
2024-07-29,66809.94,0.0,0,8.36342245014829
2024-07-30,66216.2,0.0,0,8.36342245014829
2024-07-31,64645.93,-1.0,-1,8.36342245014829
2024-08-01,65336.55,-1.0,-1,8.274075033961047
2024-08-02,61444.49,-1.0,-1,8.766956835597014
2024-08-03,60715.11,-1.0,-1,8.871025450646918
2024-08-04,58148.99,-1.0,-1,9.245958738742981
2024-08-05,54051.91,-1.0,-1,9.897413435193066
2024-08-06,56092.02,-1.0,-1,9.523850093522592
2024-08-07,55138.53,-1.0,-1,9.685742922942406
2024-08-08,61727.57,-1.0,-1,8.52829916176516
2024-08-09,60881.01,-1.0,-1,8.645260139467407
2024-08-10,60964.18,-1.0,-1,8.633449785371779
2024-08-11,58745.55,-1.0,-1,8.947641343386984
2024-08-12,59380.17,-1.0,-1,8.850981219354777
2024-08-13,60622.3,-1.0,-1,8.665834068344648
2024-08-14,58714.56,-1.0,-1,8.938541608070851
2024-08-15,57562.38,-1.0,-1,9.1139462925305
2024-08-16,58916.6,-1.0,-1,8.899530412779336
2024-08-17,59511.7,-1.0,-1,8.80963876002536
2024-08-18,58469.35,-1.0,-1,8.96393996401571
2024-08-19,59507.84,-1.0,-1,8.804728992571173
2024-08-20,59056.22,-1.0,-1,8.871550300614365
2024-08-21,61188.5,-1.0,-1,8.55123468822004
2024-08-22,60410.1,0.0,0,8.660017892274896
2024-08-23,64102.53,0.0,0,8.660017892274896
2024-08-24,64189.91,0.0,0,8.660017892274896
2024-08-25,64290.76,0.0,0,8.660017892274896
2024-08-26,62878.18,-1.0,-1,8.660017892274896
2024-08-27,59467.41,-1.0,-1,9.129772729746884
2024-08-28,59065.12,-1.0,-1,9.191534563185566
2024-08-29,59406.74,-1.0,-1,9.138372696461595
2024-08-30,59157.69,-1.0,-1,9.17668336154865
2024-08-31,59015.67,-1.0,-1,9.198713846021711
2024-09-01,57349.8,-1.0,-1,9.458371347744087
2024-09-02,59177.36,-1.0,-1,9.156962430184075
2024-09-03,57534.86,-1.0,-1,9.411118931784982
2024-09-04,58003.25,-1.0,-1,9.334503224430192
2024-09-05,56200.43,-1.0,-1,9.624632296560929
2024-09-06,53997.33,-1.0,-1,10.001925271233068
2024-09-07,54189.68,-1.0,-1,9.966296281319647
2024-09-08,54903.73,-1.0,-1,9.834971758648978
2024-09-09,57071.4,-1.0,-1,9.446674401947154
2024-09-10,57673.15,-1.0,-1,9.34707046159574
2024-09-11,57374.1,-1.0,-1,9.395537407159495
2024-09-12,58174.16,-1.0,-1,9.264520211979576
2024-09-13,60578.59,-1.0,-1,8.88160294539094
2024-09-14,60040.86,-1.0,-1,8.960441101773005
2024-09-15,59170.86,-1.0,-1,9.090279078086844
2024-09-16,58239.99,-1.0,-1,9.233286431460089
2024-09-17,60345.2,-1.0,-1,8.89952938705857
2024-09-18,61789.22,-1.0,-1,8.68656964170185
2024-09-19,62963.56,0.0,0,8.521476342368468
2024-09-20,63209.22,0.0,0,8.521476342368468
2024-09-21,63379.46,0.0,0,8.521476342368468
2024-09-22,63604.72,0.0,0,8.521476342368468
2024-09-23,63363.07,0.0,0,8.521476342368468
2024-09-24,64296.43,0.0,0,8.521476342368468
2024-09-25,63170.27,0.0,0,8.521476342368468
2024-09-26,65210.68,0.0,0,8.521476342368468
2024-09-27,65821.73,0.0,0,8.521476342368468
2024-09-28,65906.85,0.0,0,8.521476342368468
2024-09-29,65643.25,0.0,0,8.521476342368468
2024-09-30,63352.44,0.0,0,8.521476342368468
2024-10-01,60844.28,0.0,0,8.521476342368468
2024-10-02,60672.17,0.0,0,8.521476342368468
2024-10-03,60780.4,0.0,0,8.521476342368468
2024-10-04,62114.43,0.0,0,8.521476342368468
2024-10-05,62075.32,0.0,0,8.521476342368468
2024-10-06,62832.04,0.0,0,8.521476342368468
2024-10-07,62225.97,0.0,0,8.521476342368468
2024-10-08,62150.73,0.0,0,8.521476342368468
2024-10-09,60592.07,0.0,0,8.521476342368468
2024-10-10,60293.51,0.0,0,8.521476342368468
2024-10-11,62513.56,0.0,0,8.521476342368468
2024-10-12,63225.12,0.0,0,8.521476342368468
2024-10-13,62878.8,0.0,0,8.521476342368468
2024-10-14,66085.04,0.0,0,8.521476342368468
2024-10-15,67075.27,0.0,0,8.521476342368468
2024-10-16,67618.58,0.0,0,8.521476342368468
2024-10-17,67414.03,0.0,0,8.521476342368468
2024-10-18,68413.6,1.0,1,8.521476342368468
2024-10-19,68364.41,1.0,1,8.515349323452913
2024-10-20,69020.34,1.0,1,8.597050797680986
2024-10-21,67374.06,1.0,1,8.391993088791022
2024-10-22,67388.67,1.0,1,8.393812884407128
2024-10-23,66632.63,1.0,1,8.299641886624753
2024-10-24,68167.49,1.0,1,8.490821318475257
2024-10-25,66620.83,1.0,1,8.29817209961106
2024-10-26,67030.64,1.0,1,8.349217304363712
2024-10-27,67964.35,1.0,1,8.465518561359877
2024-10-28,69935.85,1.0,1,8.711085095045862
2024-10-29,72700.59,1.0,1,9.055456192353995
2024-10-30,72359.0,1.0,1,9.012908349472031
2024-10-31,70244.48,1.0,1,8.74952749894721
2024-11-01,69509.1,1.0,1,8.657929874021013
2024-11-02,69327.49,1.0,1,8.635308855414515
2024-11-03,68757.97,1.0,1,8.5643704571062
2024-11-04,67816.69,1.0,1,8.447126294373284
2024-11-05,69399.86,1.0,1,8.644323133904422
2024-11-06,75626.39,1.0,1,9.419888636816816
2024-11-07,75913.55,1.0,1,9.455656775702574
2024-11-08,76543.53,1.0,1,9.534125964082738
2024-11-09,76717.34,1.0,1,9.555775428561542
2024-11-10,80410.55,1.0,1,10.015795097785185
2024-11-11,88711.08,1.0,1,11.049694352087249
2024-11-12,88021.43,1.0,1,10.963792774630216
2024-11-13,90489.68,1.0,1,11.271233604846005
2024-11-14,87326.4,1.0,1,10.877221073941516
2024-11-15,91053.34,1.0,1,11.341442091976333
2024-11-16,90588.34,1.0,1,11.283522518979131
2024-11-17,89860.17,1.0,1,11.192822958829945
2024-11-18,90518.8,1.0,1,11.274860740256067
2024-11-19,92370.75,1.0,1,11.505536338561802
2024-11-20,94343.41,1.0,1,11.751247359784726
2024-11-21,98422.77,1.0,1,12.259365186240345
2024-11-22,98931.26,1.0,1,12.322701796290552
2024-11-23,97712.72,1.0,1,12.170922621064726
2024-11-24,97964.32,1.0,1,12.202261469593964
2024-11-25,93048.75,1.0,1,11.589986812738365
2024-11-26,91968.26,1.0,1,11.455402899990522
2024-11-27,95958.77,1.0,1,11.952453728465926
2024-11-28,95681.33,1.0,1,11.917896295493144
2024-11-29,97515.07,1.0,1,12.146303688585377
2024-11-30,96466.91,1.0,1,12.01574674313861
2024-12-01,97290.95,1.0,1,12.118387699982941
2024-12-02,95871.8,1.0,1,11.941620899942128
2024-12-03,95953.01,1.0,1,11.95173627311009
2024-12-04,98743.34,1.0,1,12.299294815306395
2024-12-05,97011.13,1.0,1,12.083533818442993
2024-12-06,99862.81,1.0,1,12.438734007528279
2024-12-07,99923.56,1.0,1,12.446300919484363
2024-12-08,101197.25,1.0,1,12.604949480625882
2024-12-09,97400.68,1.0,1,12.132055473628064
2024-12-10,96653.47,1.0,1,12.03898432494153
2024-12-11,101167.53,1.0,1,12.601247610282922
2024-12-12,100039.64,1.0,1,12.460759637836011
2024-12-13,101429.21,1.0,1,12.633842005684876
2024-12-14,101375.52,1.0,1,12.627154474772574
2024-12-15,104392.49,1.0,1,13.002942892289491
2024-12-16,106027.5,1.0,1,13.206596830023157
2024-12-17,106123.97,1.0,1,13.218612961651202
2024-12-18,100144.96,1.0,1,12.473878109724328
2024-12-19,97415.15,1.0,1,12.133857831093165
2024-12-20,97793.95,1.0,1,12.181040485397121
2024-12-21,97240.67,1.0,1,12.112124912605957
2024-12-22,95122.16,1.0,1,11.848247074777353
2024-12-23,94782.99,1.0,1,11.806000662791416
2024-12-24,98641.92,1.0,1,12.286662120481932
2024-12-25,99362.77,1.0,1,12.376449914449744
2024-12-26,95720.87,1.0,1,11.922821327571231
2024-12-27,94226.95,1.0,1,11.736741309308911
2024-12-28,95251.73,1.0,1,11.864386083537024
2024-12-29,93653.84,1.0,1,11.665355746985416
2024-12-30,92710.5,1.0,1,11.547854994316213
2024-12-31,93466.28,1.0,1,11.641993606960996
2025-01-01,94477.35,1.0,1,11.767930687972353
2025-01-02,96912.6,1.0,1,12.071261096878665
2025-01-03,98139.9,1.0,1,12.224131402124826
2025-01-04,98230.44,1.0,1,12.235408903499378
2025-01-05,98344.63,1.0,1,12.24963220681239
2025-01-06,102267.85,1.0,1,12.7383015125631
2025-01-07,96957.3,1.0,1,12.076828849379686
2025-01-08,95091.01,1.0,1,11.844367086177648
2025-01-09,92578.29,0.0,0,11.531387151851781
2025-01-10,94734.25,0.0,0,11.531387151851781
2025-01-11,94602.78,0.0,0,11.531387151851781
2025-01-12,94509.13,0.0,0,11.531387151851781
2025-01-13,94545.14,1.0,1,11.531387151851781
2025-01-14,96579.77,1.0,1,11.779544870384667
2025-01-15,100502.16,1.0,1,12.257947014064944
2025-01-16,99993.37,1.0,1,12.195891423804136
2025-01-17,104088.95,1.0,1,12.695417032327018
2025-01-18,104435.75,1.0,1,12.737715188152501
2025-01-19,101234.81,1.0,1,12.3473061370913
2025-01-20,102164.81,1.0,1,12.46073544769597
2025-01-21,106155.27,1.0,1,12.947439885110505
2025-01-22,103656.9,1.0,1,12.642721189696102
2025-01-23,103927.39,1.0,1,12.675712043701973
2025-01-24,104833.92,1.0,1,12.786278788801384
2025-01-25,104719.19,1.0,1,12.772285514816788
2025-01-26,102598.13,1.0,1,12.513586188417708
2025-01-27,102146.43,1.0,1,12.458493694224018
2025-01-28,101335.45,1.0,1,12.359580896036732
2025-01-29,103745.56,1.0,1,12.653534783973749
2025-01-30,104742.69,1.0,1,12.775151739332069
2025-01-31,102424.82,1.0,1,12.492448087535028
2025-02-01,100646.51,1.0,1,12.275552950608796
2025-02-02,97661.91,1.0,1,11.911530240468256
2025-02-03,101403.08,1.0,1,12.367829524290705
2025-02-04,97807.64,0.0,0,11.929304491473006
2025-02-05,96622.53,0.0,0,11.929304491473006
2025-02-06,96593.71,0.0,0,11.929304491473006
2025-02-07,96549.65,0.0,0,11.929304491473006
2025-02-08,96516.44,0.0,0,11.929304491473006
2025-02-09,96510.21,0.0,0,11.929304491473006
2025-02-10,97476.15,0.0,0,11.929304491473006
2025-02-11,95811.3,0.0,0,11.929304491473006
2025-02-12,97906.38,0.0,0,11.929304491473006
2025-02-13,96673.82,0.0,0,11.929304491473006
2025-02-14,97495.51,0.0,0,11.929304491473006
2025-02-15,97587.54,0.0,0,11.929304491473006
2025-02-16,96163.25,0.0,0,11.929304491473006
2025-02-17,95820.4,0.0,0,11.929304491473006
2025-02-18,95663.6,0.0,0,11.929304491473006
2025-02-19,96675.18,0.0,0,11.929304491473006
2025-02-20,98364.08,0.0,0,11.929304491473006
2025-02-21,96183.13,0.0,0,11.929304491473006
2025-02-22,96618.81,0.0,0,11.929304491473006
2025-02-23,96320.35,0.0,0,11.929304491473006
2025-02-24,91642.56,0.0,0,11.929304491473006
2025-02-25,88670.09,0.0,0,11.929304491473006
2025-02-26,84176.15,0.0,0,11.929304491473006
2025-02-27,84740.65,0.0,0,11.929304491473006
2025-02-28,84395.48,0.0,0,11.929304491473006
2025-03-01,86112.89,0.0,0,11.929304491473006
2025-03-02,94322.37,0.0,0,11.929304491473006
2025-03-03,86235.95,0.0,0,11.929304491473006
2025-03-04,87302.99,0.0,0,11.929304491473006
2025-03-05,90668.28,0.0,0,11.929304491473006
2025-03-06,89969.16,0.0,0,11.929304491473006
2025-03-07,86830.07,0.0,0,11.929304491473006
2025-03-08,86264.2,0.0,0,11.929304491473006
2025-03-09,80760.79,0.0,0,11.929304491473006
2025-03-10,80359.99,-1.0,-1,11.929304491473006
2025-03-11,82961.63,-1.0,-1,11.543095437226038
2025-03-12,83702.21,-1.0,-1,11.440052794272894
2025-03-13,81138.43,-1.0,-1,11.790459056579483
2025-03-14,84040.02,-1.0,-1,11.368820653002034
2025-03-15,84391.84,-1.0,-1,11.321226917515785
2025-03-16,82619.12,-1.0,-1,11.559038599086167
2025-03-17,84082.65,-1.0,-1,11.354279703555441
2025-03-18,82763.04,-1.0,-1,11.532476050121693
2025-03-19,86913.62,-1.0,-1,10.954120488942282
2025-03-20,84204.01,-1.0,-1,11.295625012836728
2025-03-21,84075.32,-1.0,-1,11.312888252234732
2025-03-22,83848.51,-1.0,-1,11.343407032115552
2025-03-23,86130.11,-1.0,-1,11.034741827635772
2025-03-24,87536.73,-1.0,-1,10.854529721212257
2025-03-25,87482.0,-1.0,-1,10.861316225707478
2025-03-26,86956.75,-1.0,-1,10.926528570504725
2025-03-27,87240.85,-1.0,-1,10.8908300563942
2025-03-28,84980.98,-1.0,-1,11.172943998653402
